prompt_ix,base_sequence_ix,passage_ix,source,role,target_sha256,target_tokens_total,target_tokens,skipped_initial_content_tokens,target_start_token_ix,rendered_tokens,filler_tokens,decoded_target_tokens_match
0,0,0,c4,user,f7f20980fd0062357390d6d0c4276422e559d2842dbeb7101a327dfb30c1667f,116,116,0,62,180,59,False
1,0,0,c4,assistant,f7f20980fd0062357390d6d0c4276422e559d2842dbeb7101a327dfb30c1667f,116,116,0,67,185,59,False
2,0,0,c4,tool,f7f20980fd0062357390d6d0c4276422e559d2842dbeb7101a327dfb30c1667f,116,116,0,64,183,59,False
3,1,1,c4,user,f2323d79b1e3d156777bb7aebd18eba5b566db072db8e5e84d557a85aa497cba,420,420,0,58,480,55,False
4,1,1,c4,assistant,f2323d79b1e3d156777bb7aebd18eba5b566db072db8e5e84d557a85aa497cba,420,420,0,63,485,55,False
5,1,1,c4,tool,f2323d79b1e3d156777bb7aebd18eba5b566db072db8e5e84d557a85aa497cba,420,420,0,60,483,55,False
6,2,2,c4,user,377dae4ac13703375bc20e5ca8314130b55742de0ebc3a3355c47b142516268f,190,190,0,20,212,17,False
7,2,2,c4,assistant,377dae4ac13703375bc20e5ca8314130b55742de0ebc3a3355c47b142516268f,190,190,0,25,217,17,False
8,2,2,c4,tool,377dae4ac13703375bc20e5ca8314130b55742de0ebc3a3355c47b142516268f,190,190,0,22,215,17,False
9,3,3,c4,user,ae629ca5c6d1f2af99271292fbc53a820898d8b6b645c4a746c845abbe0ecedd,1024,1024,0,3,1029,0,True
10,3,3,c4,assistant,ae629ca5c6d1f2af99271292fbc53a820898d8b6b645c4a746c845abbe0ecedd,1024,1024,0,7,1033,0,True
11,3,3,c4,tool,ae629ca5c6d1f2af99271292fbc53a820898d8b6b645c4a746c845abbe0ecedd,1024,1024,0,5,1033,0,True
12,4,4,c4,user,f7e319923377bfd2361aab579e2e2c1b621c55c3f41467016db0adeae5282f80,59,59,0,4,65,1,False
13,4,4,c4,assistant,f7e319923377bfd2361aab579e2e2c1b621c55c3f41467016db0adeae5282f80,59,59,0,9,70,1,False
14,4,4,c4,tool,f7e319923377bfd2361aab579e2e2c1b621c55c3f41467016db0adeae5282f80,59,59,0,6,68,1,False
15,5,5,c4,user,f9485d83ac0476549256a6eb0726b648f6daee8f748e7fee41f82ed25784fd77,134,134,0,60,196,57,False
16,5,5,c4,assistant,f9485d83ac0476549256a6eb0726b648f6daee8f748e7fee41f82ed25784fd77,134,134,0,65,201,57,False
17,5,5,c4,tool,f9485d83ac0476549256a6eb0726b648f6daee8f748e7fee41f82ed25784fd77,134,134,0,62,199,57,False
18,6,6,c4,user,49bae8550f7b7919ea8743c1eee21893fd54c9018edb3eedc2cab4b81c7eaf2f,629,629,0,138,769,135,False
19,6,6,c4,assistant,49bae8550f7b7919ea8743c1eee21893fd54c9018edb3eedc2cab4b81c7eaf2f,629,629,0,143,774,135,False
20,6,6,c4,tool,49bae8550f7b7919ea8743c1eee21893fd54c9018edb3eedc2cab4b81c7eaf2f,629,629,0,140,772,135,False
21,7,7,c4,user,85797624f545aca044c9455b8d541a17edacbbde08e7675b18a59bb104846858,126,126,0,37,165,34,False
22,7,7,c4,assistant,85797624f545aca044c9455b8d541a17edacbbde08e7675b18a59bb104846858,126,126,0,42,170,34,False
23,7,7,c4,tool,85797624f545aca044c9455b8d541a17edacbbde08e7675b18a59bb104846858,127,127,0,39,169,34,False
24,8,8,c4,user,38133e7407abd79a7c32dadc80f1e1d85b127ac5094eb3090c0101155eef953d,874,874,0,18,894,15,False
25,8,8,c4,assistant,38133e7407abd79a7c32dadc80f1e1d85b127ac5094eb3090c0101155eef953d,874,874,0,23,899,15,False
26,8,8,c4,tool,38133e7407abd79a7c32dadc80f1e1d85b127ac5094eb3090c0101155eef953d,874,874,0,20,897,15,False
27,9,9,c4,user,0d83f13241b0161935e3679371962d10e6a41c7878e8c8e1f8b8bbc613dd061f,324,324,0,38,364,35,False
28,9,9,c4,assistant,0d83f13241b0161935e3679371962d10e6a41c7878e8c8e1f8b8bbc613dd061f,324,324,0,43,369,35,False
29,9,9,c4,tool,0d83f13241b0161935e3679371962d10e6a41c7878e8c8e1f8b8bbc613dd061f,324,324,0,40,367,35,False
30,10,10,c4,user,10f138f8248f8d054a616df6a32cda97785573e4b96679e8332b20d0d3158c2a,570,570,0,18,590,15,False
31,10,10,c4,assistant,10f138f8248f8d054a616df6a32cda97785573e4b96679e8332b20d0d3158c2a,570,570,0,23,595,15,False
32,10,10,c4,tool,10f138f8248f8d054a616df6a32cda97785573e4b96679e8332b20d0d3158c2a,570,570,0,20,593,15,False
33,11,11,c4,user,0c14efde63bb970f5a7938499f04079978d7c0332489882ad935b94717ddbd8c,139,139,0,94,235,91,False
34,11,11,c4,assistant,0c14efde63bb970f5a7938499f04079978d7c0332489882ad935b94717ddbd8c,139,139,0,99,240,91,False
35,11,11,c4,tool,0c14efde63bb970f5a7938499f04079978d7c0332489882ad935b94717ddbd8c,139,139,0,96,238,91,False
36,12,12,c4,user,6483685a4958da388be5d7d568a7b1891f9a5c0965ac46a581a47bbfc6d00afc,554,554,0,10,566,7,False
37,12,12,c4,assistant,6483685a4958da388be5d7d568a7b1891f9a5c0965ac46a581a47bbfc6d00afc,554,554,0,15,571,7,False
38,12,12,c4,tool,6483685a4958da388be5d7d568a7b1891f9a5c0965ac46a581a47bbfc6d00afc,554,554,0,12,569,7,False
39,13,13,c4,user,4ab6154ba91865ee7555e7b6dcbcc1ae5b225b48ea497d83479ed117e1f3373b,219,219,0,52,273,49,False
40,13,13,c4,assistant,4ab6154ba91865ee7555e7b6dcbcc1ae5b225b48ea497d83479ed117e1f3373b,219,219,0,57,278,49,False
41,13,13,c4,tool,4ab6154ba91865ee7555e7b6dcbcc1ae5b225b48ea497d83479ed117e1f3373b,219,219,0,54,276,49,False
42,14,14,c4,user,10dc0253517a2d05029f3d1ccc64cc4eb598f877544f8c67e3fd807bb0389c54,833,833,0,79,914,76,False
43,14,14,c4,assistant,10dc0253517a2d05029f3d1ccc64cc4eb598f877544f8c67e3fd807bb0389c54,833,833,0,84,919,76,False
44,14,14,c4,tool,10dc0253517a2d05029f3d1ccc64cc4eb598f877544f8c67e3fd807bb0389c54,833,833,0,81,917,76,False
45,15,15,c4,user,b9d646a4e67f24d7efcc59171e6ae3fe135c93a226491c9ded6db963e01cf6e9,99,99,0,116,217,113,False
46,15,15,c4,assistant,b9d646a4e67f24d7efcc59171e6ae3fe135c93a226491c9ded6db963e01cf6e9,99,99,0,121,222,113,False
47,15,15,c4,tool,b9d646a4e67f24d7efcc59171e6ae3fe135c93a226491c9ded6db963e01cf6e9,99,99,0,118,220,113,False
48,16,16,c4,user,3e0bb5d890dd5eef4c1ec2db4cbb963fe27a34ff2cf43e58d4e83d6506bcba83,274,274,0,3,279,0,False
49,16,16,c4,assistant,3e0bb5d890dd5eef4c1ec2db4cbb963fe27a34ff2cf43e58d4e83d6506bcba83,274,274,0,7,283,0,False
50,16,16,c4,tool,3e0bb5d890dd5eef4c1ec2db4cbb963fe27a34ff2cf43e58d4e83d6506bcba83,274,274,0,5,282,0,False
51,17,17,c4,user,8e7b6b6a37b480ecbd4dfa8e655aabfba036d4d7ae5698fdca1f214297928356,435,435,0,65,502,62,False
52,17,17,c4,assistant,8e7b6b6a37b480ecbd4dfa8e655aabfba036d4d7ae5698fdca1f214297928356,435,435,0,70,507,62,False
53,17,17,c4,tool,8e7b6b6a37b480ecbd4dfa8e655aabfba036d4d7ae5698fdca1f214297928356,435,435,0,67,505,62,False
54,18,18,c4,user,d7c4d894f177418300746a3bfe27ccedbfe63d2a357055850445c69dda62c42b,320,320,0,51,373,48,False
55,18,18,c4,assistant,d7c4d894f177418300746a3bfe27ccedbfe63d2a357055850445c69dda62c42b,320,320,0,56,378,48,False
56,18,18,c4,tool,d7c4d894f177418300746a3bfe27ccedbfe63d2a357055850445c69dda62c42b,320,320,0,53,376,48,False
57,19,19,c4,user,a74ffd7fc5ce71c23d2480232af6b9a3b32b6c96abc2c57f6bc2c5cec2e40ed0,53,53,0,25,80,22,False
58,19,19,c4,assistant,a74ffd7fc5ce71c23d2480232af6b9a3b32b6c96abc2c57f6bc2c5cec2e40ed0,53,53,0,30,85,22,False
59,19,19,c4,tool,a74ffd7fc5ce71c23d2480232af6b9a3b32b6c96abc2c57f6bc2c5cec2e40ed0,53,53,0,27,83,22,False
60,20,20,c4,user,643a46c8119d3f5e6bb950f3037900465c8a175d2490e5d3f08003bd6c1a61da,300,300,0,11,313,8,False
61,20,20,c4,assistant,643a46c8119d3f5e6bb950f3037900465c8a175d2490e5d3f08003bd6c1a61da,300,300,0,16,318,8,False
62,20,20,c4,tool,643a46c8119d3f5e6bb950f3037900465c8a175d2490e5d3f08003bd6c1a61da,300,300,0,13,316,8,False
63,21,21,c4,user,483175adcc188ed9d04134a86af453aee221228ebd623dc0c129066dac8bd6f7,226,226,0,17,245,14,False
64,21,21,c4,assistant,483175adcc188ed9d04134a86af453aee221228ebd623dc0c129066dac8bd6f7,226,226,0,22,250,14,False
65,21,21,c4,tool,483175adcc188ed9d04134a86af453aee221228ebd623dc0c129066dac8bd6f7,226,226,0,19,248,14,False
66,22,22,c4,user,8e4451f7d66e7e0758a432ed3f459e6992af3713c59dc39739b5fdc0841a3ed0,53,53,0,23,78,20,False
67,22,22,c4,assistant,8e4451f7d66e7e0758a432ed3f459e6992af3713c59dc39739b5fdc0841a3ed0,53,53,0,28,83,20,False
68,22,22,c4,tool,8e4451f7d66e7e0758a432ed3f459e6992af3713c59dc39739b5fdc0841a3ed0,53,53,0,25,81,20,False
69,23,23,c4,user,658145f7f607f7958bcd0be10ef316a7cef0e2538eacd268e0de40022ddaec81,1024,1024,0,56,1082,53,True
70,23,23,c4,assistant,658145f7f607f7958bcd0be10ef316a7cef0e2538eacd268e0de40022ddaec81,1024,1024,0,60,1086,53,True
71,23,23,c4,tool,658145f7f607f7958bcd0be10ef316a7cef0e2538eacd268e0de40022ddaec81,1024,1024,0,58,1086,53,True
72,24,24,c4,user,e4fdd68b8069258f6dc91b0f864885fafd04583bb8f35c9dc4a26cbe0f466307,201,201,0,14,217,11,False
73,24,24,c4,assistant,e4fdd68b8069258f6dc91b0f864885fafd04583bb8f35c9dc4a26cbe0f466307,201,201,0,19,222,11,False
74,24,24,c4,tool,e4fdd68b8069258f6dc91b0f864885fafd04583bb8f35c9dc4a26cbe0f466307,201,201,0,16,220,11,False
75,25,25,c4,user,f9fdd6d4f05af23a015260026a7d160120a69fd43ae5979f50cc67406bb42d62,313,313,0,50,365,47,False
76,25,25,c4,assistant,f9fdd6d4f05af23a015260026a7d160120a69fd43ae5979f50cc67406bb42d62,313,313,0,55,370,47,False
77,25,25,c4,tool,f9fdd6d4f05af23a015260026a7d160120a69fd43ae5979f50cc67406bb42d62,313,313,0,52,368,47,False
78,26,26,c4,user,3debefce01fb72438cddc79e1fc76cebe0df52ef097ce77d265d468393a1b2e3,78,78,0,3,83,0,False
79,26,26,c4,assistant,3debefce01fb72438cddc79e1fc76cebe0df52ef097ce77d265d468393a1b2e3,78,78,0,7,87,0,False
80,26,26,c4,tool,3debefce01fb72438cddc79e1fc76cebe0df52ef097ce77d265d468393a1b2e3,78,78,0,5,86,0,False
81,27,27,c4,user,47f50618cb775a1dfa26d2048bf7fa15929017242a8a21507b2350be94785ab5,224,224,0,37,263,34,True
82,27,27,c4,assistant,47f50618cb775a1dfa26d2048bf7fa15929017242a8a21507b2350be94785ab5,224,224,0,42,268,34,True
83,27,27,c4,tool,47f50618cb775a1dfa26d2048bf7fa15929017242a8a21507b2350be94785ab5,224,224,0,39,267,34,True
84,28,28,c4,user,f5c63edb15074f99a1a7510b77e57bf86359e8aebdcc7a126ff5d4ec2e572a4c,337,337,0,13,352,10,False
85,28,28,c4,assistant,f5c63edb15074f99a1a7510b77e57bf86359e8aebdcc7a126ff5d4ec2e572a4c,337,337,0,18,357,10,False
86,28,28,c4,tool,f5c63edb15074f99a1a7510b77e57bf86359e8aebdcc7a126ff5d4ec2e572a4c,338,338,0,15,356,10,False
87,29,29,c4,user,298ff77a4039578eb3513687749c381725167c45c292243c13aaca73edd79093,1024,1024,0,5,1031,2,True
88,29,29,c4,assistant,298ff77a4039578eb3513687749c381725167c45c292243c13aaca73edd79093,1024,1024,0,10,1036,2,True
89,29,29,c4,tool,298ff77a4039578eb3513687749c381725167c45c292243c13aaca73edd79093,1024,1024,0,7,1035,2,True
90,30,30,c4,user,229624fb4fb3d119d5c9e3361e36e77ce0348fef553283fb4b333145649fdcf9,38,38,0,13,53,10,False
91,30,30,c4,assistant,229624fb4fb3d119d5c9e3361e36e77ce0348fef553283fb4b333145649fdcf9,38,38,0,18,58,10,False
92,30,30,c4,tool,229624fb4fb3d119d5c9e3361e36e77ce0348fef553283fb4b333145649fdcf9,38,38,0,15,56,10,False
93,31,31,c4,user,fac805589de77d13a504777cdbdf61e19b85f4ed5f981b3006f11007005aee7d,69,69,0,44,115,41,False
94,31,31,c4,assistant,fac805589de77d13a504777cdbdf61e19b85f4ed5f981b3006f11007005aee7d,69,69,0,49,120,41,False
95,31,31,c4,tool,fac805589de77d13a504777cdbdf61e19b85f4ed5f981b3006f11007005aee7d,69,69,0,46,118,41,False
96,32,32,c4,user,b3e27967b73ebe5cb5a4e5eed9ae9697bddca036ca92e241c3d342abab31aef2,278,278,0,21,301,18,False
97,32,32,c4,assistant,b3e27967b73ebe5cb5a4e5eed9ae9697bddca036ca92e241c3d342abab31aef2,278,278,0,26,306,18,False
98,32,32,c4,tool,b3e27967b73ebe5cb5a4e5eed9ae9697bddca036ca92e241c3d342abab31aef2,278,278,0,23,304,18,False
99,33,33,c4,user,14bc2cb9d79f94a3c77b163342b3fd0f522b44b1499fb3c8fb20bbbbc9f8b997,63,63,0,80,145,77,False
100,33,33,c4,assistant,14bc2cb9d79f94a3c77b163342b3fd0f522b44b1499fb3c8fb20bbbbc9f8b997,63,63,0,84,149,77,False
101,33,33,c4,tool,14bc2cb9d79f94a3c77b163342b3fd0f522b44b1499fb3c8fb20bbbbc9f8b997,63,63,0,82,148,77,False
102,34,34,c4,user,8fc95f7e00fbf229479bebcf78eb844593851d88e04a39477d64bb99ae4c44ee,47,47,0,46,95,43,False
103,34,34,c4,assistant,8fc95f7e00fbf229479bebcf78eb844593851d88e04a39477d64bb99ae4c44ee,47,47,0,51,100,43,False
104,34,34,c4,tool,8fc95f7e00fbf229479bebcf78eb844593851d88e04a39477d64bb99ae4c44ee,47,47,0,48,98,43,False
105,35,35,c4,user,e7aa5b6df92eb472c90c56e616fd240107ab96f63b875788741abcf4744bb9a5,167,167,0,25,194,22,False
106,35,35,c4,assistant,e7aa5b6df92eb472c90c56e616fd240107ab96f63b875788741abcf4744bb9a5,167,167,0,30,199,22,False
107,35,35,c4,tool,e7aa5b6df92eb472c90c56e616fd240107ab96f63b875788741abcf4744bb9a5,167,167,0,27,197,22,False
108,36,36,c4,user,2ff3d9e1139fe26fca326e6ec9e23424ecba247dcdb5a738577acd8f0e701719,774,774,0,37,813,34,False
109,36,36,c4,assistant,2ff3d9e1139fe26fca326e6ec9e23424ecba247dcdb5a738577acd8f0e701719,774,774,0,42,818,34,False
110,36,36,c4,tool,2ff3d9e1139fe26fca326e6ec9e23424ecba247dcdb5a738577acd8f0e701719,774,774,0,39,816,34,False
111,37,37,c4,user,e54bc6398fbad693d77066548516a3b2171c41ad8a0af9032cccca7fd7e64a54,131,131,0,50,183,47,False
112,37,37,c4,assistant,e54bc6398fbad693d77066548516a3b2171c41ad8a0af9032cccca7fd7e64a54,131,131,0,55,188,47,False
113,37,37,c4,tool,e54bc6398fbad693d77066548516a3b2171c41ad8a0af9032cccca7fd7e64a54,131,131,0,52,186,47,False
114,38,38,c4,user,c74236046a06696393305f8dd9726b1e49fb880990766fc853f3e2669beab9eb,259,259,0,233,494,230,False
115,38,38,c4,assistant,c74236046a06696393305f8dd9726b1e49fb880990766fc853f3e2669beab9eb,259,259,0,238,499,230,False
116,38,38,c4,tool,c74236046a06696393305f8dd9726b1e49fb880990766fc853f3e2669beab9eb,259,259,0,235,497,230,False
117,39,39,c4,user,196d205382964042f1b012885d4b05f39c97afe208a9ce8e92b5f73768ffeb63,840,840,0,9,851,6,False
118,39,39,c4,assistant,196d205382964042f1b012885d4b05f39c97afe208a9ce8e92b5f73768ffeb63,840,840,0,13,855,6,False
119,39,39,c4,tool,196d205382964042f1b012885d4b05f39c97afe208a9ce8e92b5f73768ffeb63,840,840,0,11,854,6,False
120,40,40,c4,user,98d1881120f004cd7123e4d54ad213a2bba6c6946793a4b653a296b824d3b782,115,115,0,31,148,28,False
121,40,40,c4,assistant,98d1881120f004cd7123e4d54ad213a2bba6c6946793a4b653a296b824d3b782,115,115,0,36,153,28,False
122,40,40,c4,tool,98d1881120f004cd7123e4d54ad213a2bba6c6946793a4b653a296b824d3b782,115,115,0,33,151,28,False
123,41,41,c4,user,2b08d9b4953c60368c37c8be9f5c3220cce48b3dc8124f1e47d10d0203bc8751,665,665,0,51,718,48,False
124,41,41,c4,assistant,2b08d9b4953c60368c37c8be9f5c3220cce48b3dc8124f1e47d10d0203bc8751,665,665,0,56,723,48,False
125,41,41,c4,tool,2b08d9b4953c60368c37c8be9f5c3220cce48b3dc8124f1e47d10d0203bc8751,665,665,0,53,721,48,False
126,42,42,c4,user,f061a90850552b4b7783fa487faff5849917807ef591c8c3e2c7b98d955d5b04,448,448,0,21,471,18,False
127,42,42,c4,assistant,f061a90850552b4b7783fa487faff5849917807ef591c8c3e2c7b98d955d5b04,448,448,0,26,476,18,False
128,42,42,c4,tool,f061a90850552b4b7783fa487faff5849917807ef591c8c3e2c7b98d955d5b04,448,448,0,23,474,18,False
129,43,43,c4,user,c1a0af159f1ca1cb3bbb230daff94ec27166735d594c491c04f4bb7b1953ae36,436,436,0,95,533,92,False
130,43,43,c4,assistant,c1a0af159f1ca1cb3bbb230daff94ec27166735d594c491c04f4bb7b1953ae36,436,436,0,100,538,92,False
131,43,43,c4,tool,c1a0af159f1ca1cb3bbb230daff94ec27166735d594c491c04f4bb7b1953ae36,436,436,0,97,536,92,False
132,44,44,c4,user,f85778a034be4bf12cac3f836b70fd9f4ba1b6632bfe1659bceec6b8933e5838,511,511,0,50,563,47,False
133,44,44,c4,assistant,f85778a034be4bf12cac3f836b70fd9f4ba1b6632bfe1659bceec6b8933e5838,511,511,0,54,567,47,False
134,44,44,c4,tool,f85778a034be4bf12cac3f836b70fd9f4ba1b6632bfe1659bceec6b8933e5838,511,511,0,52,566,47,False
135,45,45,c4,user,69b9afaccedb9a8ca82437d6a9324f9dc5ea96b0102f7ee6cd9a48277e6bc67c,166,166,0,40,208,37,False
136,45,45,c4,assistant,69b9afaccedb9a8ca82437d6a9324f9dc5ea96b0102f7ee6cd9a48277e6bc67c,166,166,0,45,213,37,False
137,45,45,c4,tool,69b9afaccedb9a8ca82437d6a9324f9dc5ea96b0102f7ee6cd9a48277e6bc67c,166,166,0,42,211,37,False
138,46,46,c4,user,3b6b399ee5371a824d65d110eb7c01b12c095ed2500b66c0ed2a80a9c2683489,562,562,0,60,624,57,False
139,46,46,c4,assistant,3b6b399ee5371a824d65d110eb7c01b12c095ed2500b66c0ed2a80a9c2683489,562,562,0,65,629,57,False
140,46,46,c4,tool,3b6b399ee5371a824d65d110eb7c01b12c095ed2500b66c0ed2a80a9c2683489,562,562,0,62,627,57,False
141,47,47,c4,user,e897dfc6c38fba6fdf793b3d7c2dbe3c4433f0dfed20833d9de542ec3e33efb9,432,432,0,19,453,16,False
142,47,47,c4,assistant,e897dfc6c38fba6fdf793b3d7c2dbe3c4433f0dfed20833d9de542ec3e33efb9,432,432,0,24,458,16,False
143,47,47,c4,tool,e897dfc6c38fba6fdf793b3d7c2dbe3c4433f0dfed20833d9de542ec3e33efb9,432,432,0,21,456,16,False
144,48,48,c4,user,f67b0e3a402cb28e8a99941d0bed1b4d071407051b31770c367a0d9d8e2ea0f9,406,406,0,24,432,21,False
145,48,48,c4,assistant,f67b0e3a402cb28e8a99941d0bed1b4d071407051b31770c367a0d9d8e2ea0f9,406,406,0,29,437,21,False
146,48,48,c4,tool,f67b0e3a402cb28e8a99941d0bed1b4d071407051b31770c367a0d9d8e2ea0f9,406,406,0,26,435,21,False
147,49,49,c4,user,08f877b33b6e486a7ba4765649feb5fadcf14d7ebea2b0e7cc5ff53266fe8b96,384,384,0,4,390,1,False
148,49,49,c4,assistant,08f877b33b6e486a7ba4765649feb5fadcf14d7ebea2b0e7cc5ff53266fe8b96,384,384,0,9,395,1,False
149,49,49,c4,tool,08f877b33b6e486a7ba4765649feb5fadcf14d7ebea2b0e7cc5ff53266fe8b96,384,384,0,6,393,1,False
150,50,50,c4,user,7b72d99857ddd465bb34d825da42f7eb2b54b620d6118250aded52081b2df793,1024,1024,0,8,1034,5,True
151,50,50,c4,assistant,7b72d99857ddd465bb34d825da42f7eb2b54b620d6118250aded52081b2df793,1024,1024,0,13,1039,5,True
152,50,50,c4,tool,7b72d99857ddd465bb34d825da42f7eb2b54b620d6118250aded52081b2df793,1024,1024,0,10,1038,5,True
153,51,51,c4,user,bb27d7bd690328c9102f0e77bb022b4cdef3bf7ebe87ffd28fc3a31eed64d990,96,96,0,3,101,0,False
154,51,51,c4,assistant,bb27d7bd690328c9102f0e77bb022b4cdef3bf7ebe87ffd28fc3a31eed64d990,96,96,0,7,105,0,False
155,51,51,c4,tool,bb27d7bd690328c9102f0e77bb022b4cdef3bf7ebe87ffd28fc3a31eed64d990,96,96,0,5,104,0,False
156,52,52,c4,user,60891ca0489da80c00ce65a658f2f7ae0dca874e3fddd2a21f17ed546c9b296e,685,685,0,41,728,38,False
157,52,52,c4,assistant,60891ca0489da80c00ce65a658f2f7ae0dca874e3fddd2a21f17ed546c9b296e,685,685,0,45,732,38,False
158,52,52,c4,tool,60891ca0489da80c00ce65a658f2f7ae0dca874e3fddd2a21f17ed546c9b296e,685,685,0,43,731,38,False
159,53,53,c4,user,ae4194aca98111f9284b262c7cc5a8f001fbcd5bb539855b8a46a201bcb7a9df,44,44,0,34,80,31,False
160,53,53,c4,assistant,ae4194aca98111f9284b262c7cc5a8f001fbcd5bb539855b8a46a201bcb7a9df,44,44,0,39,85,31,False
161,53,53,c4,tool,ae4194aca98111f9284b262c7cc5a8f001fbcd5bb539855b8a46a201bcb7a9df,44,44,0,36,83,31,False
162,54,54,c4,user,a22eb3c5523a8781e3b24e0b3d508e7e1a7a430526a949fd2e99ddbef755cb36,104,104,0,117,223,114,False
163,54,54,c4,assistant,a22eb3c5523a8781e3b24e0b3d508e7e1a7a430526a949fd2e99ddbef755cb36,104,104,0,122,228,114,False
164,54,54,c4,tool,a22eb3c5523a8781e3b24e0b3d508e7e1a7a430526a949fd2e99ddbef755cb36,104,104,0,119,226,114,False
165,55,55,c4,user,1d7cfc194e52eb7842918fd07314293a717ec5a190ebbe8110fa995466fdd653,1024,1024,0,52,1078,49,True
166,55,55,c4,assistant,1d7cfc194e52eb7842918fd07314293a717ec5a190ebbe8110fa995466fdd653,1024,1024,0,57,1083,49,True
167,55,55,c4,tool,1d7cfc194e52eb7842918fd07314293a717ec5a190ebbe8110fa995466fdd653,1024,1024,0,54,1082,49,True
168,56,56,c4,user,2c23cfb5055cb83cfcb0a152fb6485c0af07287839fe3548e0f4d47e1ef28198,67,67,0,85,154,82,False
169,56,56,c4,assistant,2c23cfb5055cb83cfcb0a152fb6485c0af07287839fe3548e0f4d47e1ef28198,67,67,0,90,159,82,False
170,56,56,c4,tool,2c23cfb5055cb83cfcb0a152fb6485c0af07287839fe3548e0f4d47e1ef28198,67,67,0,87,157,82,False
171,57,57,c4,user,4d62aeae95916cd6418bc34d860af594f65b4b5b50842906f323a19e1f225363,121,121,0,10,133,7,False
172,57,57,c4,assistant,4d62aeae95916cd6418bc34d860af594f65b4b5b50842906f323a19e1f225363,121,121,0,15,138,7,False
173,57,57,c4,tool,4d62aeae95916cd6418bc34d860af594f65b4b5b50842906f323a19e1f225363,121,121,0,12,136,7,False
174,58,58,c4,user,42f7a7949ad95ae9ac7f0ec08dae75abd7b0dc532bb8117145de31c73321fa04,459,459,0,3,464,0,False
175,58,58,c4,assistant,42f7a7949ad95ae9ac7f0ec08dae75abd7b0dc532bb8117145de31c73321fa04,459,459,0,7,468,0,False
176,58,58,c4,tool,42f7a7949ad95ae9ac7f0ec08dae75abd7b0dc532bb8117145de31c73321fa04,459,459,0,5,467,0,False
177,59,59,c4,user,6bcc3dace2d425ed30979a40f1022728e51323bd21936ef6c22ce56288aed6ac,55,55,0,43,100,40,False
178,59,59,c4,assistant,6bcc3dace2d425ed30979a40f1022728e51323bd21936ef6c22ce56288aed6ac,55,55,0,47,104,40,False
179,59,59,c4,tool,6bcc3dace2d425ed30979a40f1022728e51323bd21936ef6c22ce56288aed6ac,55,55,0,45,103,40,False
180,60,60,c4,user,5df716e88269eefb38e232e867aaa02fe7c29c6a5b869030031a2a8f39c2ee4c,450,450,0,55,507,52,False
181,60,60,c4,assistant,5df716e88269eefb38e232e867aaa02fe7c29c6a5b869030031a2a8f39c2ee4c,450,450,0,60,512,52,False
182,60,60,c4,tool,5df716e88269eefb38e232e867aaa02fe7c29c6a5b869030031a2a8f39c2ee4c,450,450,0,57,510,52,False
183,61,61,c4,user,b5a5efa0775be379ec3e978313a64ba7b6140f8740129c25635c86bd62b8a24c,171,171,0,3,176,0,False
184,61,61,c4,assistant,b5a5efa0775be379ec3e978313a64ba7b6140f8740129c25635c86bd62b8a24c,171,171,0,7,180,0,False
185,61,61,c4,tool,b5a5efa0775be379ec3e978313a64ba7b6140f8740129c25635c86bd62b8a24c,171,171,0,5,179,0,False
186,62,62,dolma3,user,4c9a5b5ea8ed48481591b8997ca5c38c24e0dd82c336b77c3652ec75e4f26c4c,435,435,0,2,439,0,False
187,62,62,dolma3,assistant,4c9a5b5ea8ed48481591b8997ca5c38c24e0dd82c336b77c3652ec75e4f26c4c,435,435,0,6,443,0,False
188,62,62,dolma3,tool,4c9a5b5ea8ed48481591b8997ca5c38c24e0dd82c336b77c3652ec75e4f26c4c,435,435,0,4,443,0,False
189,63,63,dolma3,user,8cdf244994c48a33a227a1e0d934b949667b31f428179cd56c40361f69e6819e,383,383,0,220,605,217,False
190,63,63,dolma3,assistant,8cdf244994c48a33a227a1e0d934b949667b31f428179cd56c40361f69e6819e,383,383,0,225,610,217,False
191,63,63,dolma3,tool,8cdf244994c48a33a227a1e0d934b949667b31f428179cd56c40361f69e6819e,383,383,0,222,608,217,False
192,64,64,dolma3,user,4e121e12e4c11a8ef3f4febe71d64952c8eedc98e399b83411befe66fe785337,452,452,0,3,457,0,True
193,64,64,dolma3,assistant,4e121e12e4c11a8ef3f4febe71d64952c8eedc98e399b83411befe66fe785337,452,452,0,7,461,0,True
194,64,64,dolma3,tool,4e121e12e4c11a8ef3f4febe71d64952c8eedc98e399b83411befe66fe785337,452,452,0,5,461,0,True
195,65,65,dolma3,user,9b729a46ef6f0f9b0ca28d82b2169dfc4d640799d79b71c7b50c46b840fa7487,350,350,0,47,399,44,True
196,65,65,dolma3,assistant,9b729a46ef6f0f9b0ca28d82b2169dfc4d640799d79b71c7b50c46b840fa7487,350,350,0,52,404,44,True
197,65,65,dolma3,tool,9b729a46ef6f0f9b0ca28d82b2169dfc4d640799d79b71c7b50c46b840fa7487,350,350,0,49,403,44,True
198,66,66,dolma3,user,8e3c281518955797e070600ce2deb1e4989b8ebb7be0a5a51bebefcbe316c407,794,794,0,63,859,60,True
199,66,66,dolma3,assistant,8e3c281518955797e070600ce2deb1e4989b8ebb7be0a5a51bebefcbe316c407,794,794,0,68,864,60,True
200,66,66,dolma3,tool,8e3c281518955797e070600ce2deb1e4989b8ebb7be0a5a51bebefcbe316c407,794,794,0,65,863,60,True
201,67,67,dolma3,user,ee9cfec73c1d084d787bb53a589c6568f25acf2dde7d92fc5ce2d731356f80fb,688,688,0,328,1018,325,False
202,67,67,dolma3,assistant,ee9cfec73c1d084d787bb53a589c6568f25acf2dde7d92fc5ce2d731356f80fb,688,688,0,333,1023,325,False
203,67,67,dolma3,tool,ee9cfec73c1d084d787bb53a589c6568f25acf2dde7d92fc5ce2d731356f80fb,688,688,0,330,1021,325,False
204,68,68,dolma3,user,93cbdd22b59aacbd4f90ce64f83abc98443a4d0d211b5414c9d185affe551e91,194,194,0,43,239,40,True
205,68,68,dolma3,assistant,93cbdd22b59aacbd4f90ce64f83abc98443a4d0d211b5414c9d185affe551e91,194,194,0,48,244,40,True
206,68,68,dolma3,tool,93cbdd22b59aacbd4f90ce64f83abc98443a4d0d211b5414c9d185affe551e91,194,194,0,45,243,40,True
207,69,69,dolma3,user,0e0dc24d9dbe4c53d5f509298cf4b9b924cd98c71d832c85fb4fdea746e570e6,251,251,0,7,260,5,False
208,69,69,dolma3,assistant,0e0dc24d9dbe4c53d5f509298cf4b9b924cd98c71d832c85fb4fdea746e570e6,251,251,0,12,265,5,False
209,69,69,dolma3,tool,0e0dc24d9dbe4c53d5f509298cf4b9b924cd98c71d832c85fb4fdea746e570e6,251,251,0,9,264,5,False
210,70,70,dolma3,user,2352213b0dcaf4ddf4268226da4cf603b702ac2d9f3920eedd14cbcd845a5635,125,125,0,16,143,13,True
211,70,70,dolma3,assistant,2352213b0dcaf4ddf4268226da4cf603b702ac2d9f3920eedd14cbcd845a5635,125,125,0,21,148,13,True
212,70,70,dolma3,tool,2352213b0dcaf4ddf4268226da4cf603b702ac2d9f3920eedd14cbcd845a5635,125,125,0,18,147,13,True
213,71,71,dolma3,user,94bf2c5893c0c1052314382f0869480154164b789908c8ab886545f19e43cf8b,882,882,0,99,983,96,False
214,71,71,dolma3,assistant,94bf2c5893c0c1052314382f0869480154164b789908c8ab886545f19e43cf8b,882,882,0,103,987,96,False
215,71,71,dolma3,tool,94bf2c5893c0c1052314382f0869480154164b789908c8ab886545f19e43cf8b,882,882,0,101,986,96,False
216,72,72,dolma3,user,25c0c69c8993897be348a77d27b65897ec6657373c31011473db78c1e322f143,1024,1024,0,45,1071,42,True
217,72,72,dolma3,assistant,25c0c69c8993897be348a77d27b65897ec6657373c31011473db78c1e322f143,1024,1024,0,50,1076,42,True
218,72,72,dolma3,tool,25c0c69c8993897be348a77d27b65897ec6657373c31011473db78c1e322f143,1024,1024,0,47,1075,42,True
219,73,73,dolma3,user,36e28460bd76b847ad5f9e828c3fc4788b1767a11f498c1c9b87e0f2a02ccf9c,1024,1024,0,216,1242,213,True
220,73,73,dolma3,assistant,36e28460bd76b847ad5f9e828c3fc4788b1767a11f498c1c9b87e0f2a02ccf9c,1024,1024,0,221,1247,213,True
221,73,73,dolma3,tool,36e28460bd76b847ad5f9e828c3fc4788b1767a11f498c1c9b87e0f2a02ccf9c,1024,1024,0,218,1246,213,True
222,74,74,dolma3,user,020a4dbec3bbef01bcfd0c3da3f4b03464a6f1ada89fb77c7b525c5e4056a5cd,1024,1024,0,24,1050,21,False
223,74,74,dolma3,assistant,020a4dbec3bbef01bcfd0c3da3f4b03464a6f1ada89fb77c7b525c5e4056a5cd,1024,1024,0,29,1055,21,False
224,74,74,dolma3,tool,020a4dbec3bbef01bcfd0c3da3f4b03464a6f1ada89fb77c7b525c5e4056a5cd,1024,1024,0,26,1053,21,False
225,75,75,dolma3,user,13d805fbc8f3859f441caba05b21b71f8a218c29e7c8a0ec3079b4652ff1337d,225,225,0,188,415,185,True
226,75,75,dolma3,assistant,13d805fbc8f3859f441caba05b21b71f8a218c29e7c8a0ec3079b4652ff1337d,225,225,0,193,420,185,True
227,75,75,dolma3,tool,13d805fbc8f3859f441caba05b21b71f8a218c29e7c8a0ec3079b4652ff1337d,225,225,0,190,419,185,True
228,76,76,dolma3,user,d7635d67eaa7e98f4f05c64ff1cdebc88254f54b1ccf763d95942835a4ab9337,864,864,0,31,897,28,True
229,76,76,dolma3,assistant,d7635d67eaa7e98f4f05c64ff1cdebc88254f54b1ccf763d95942835a4ab9337,864,864,0,35,901,28,True
230,76,76,dolma3,tool,d7635d67eaa7e98f4f05c64ff1cdebc88254f54b1ccf763d95942835a4ab9337,864,864,0,33,901,28,True
231,77,77,dolma3,user,a8a51eae541dc96f54905b4a6498870534153c57d9a78df9191e782312c9d019,1024,1024,0,3,1029,0,False
232,77,77,dolma3,assistant,a8a51eae541dc96f54905b4a6498870534153c57d9a78df9191e782312c9d019,1024,1024,0,7,1033,0,False
233,77,77,dolma3,tool,a8a51eae541dc96f54905b4a6498870534153c57d9a78df9191e782312c9d019,1024,1024,0,5,1032,0,False
234,78,78,dolma3,user,2b5e804ba3ad8f34a32914cf26f5bb20d4425d68bce7e8a684a68561938c7c53,837,837,0,74,913,71,False
235,78,78,dolma3,assistant,2b5e804ba3ad8f34a32914cf26f5bb20d4425d68bce7e8a684a68561938c7c53,837,837,0,79,918,71,False
236,78,78,dolma3,tool,2b5e804ba3ad8f34a32914cf26f5bb20d4425d68bce7e8a684a68561938c7c53,837,837,0,76,916,71,False
237,79,79,dolma3,user,40915ab4d52b2e3d3f5822381a75c7ed08a730f34f967a1a7fcf45746a3a87aa,706,706,0,63,771,61,False
238,79,79,dolma3,assistant,40915ab4d52b2e3d3f5822381a75c7ed08a730f34f967a1a7fcf45746a3a87aa,706,706,0,67,775,61,False
239,79,79,dolma3,tool,40915ab4d52b2e3d3f5822381a75c7ed08a730f34f967a1a7fcf45746a3a87aa,706,706,0,65,774,61,False
240,80,80,dolma3,user,b7d7a7e53700922ff31de0a62d8c2fa64c5b1a4a33bdd6f40ce4315b005dfdda,948,948,0,38,988,35,False
241,80,80,dolma3,assistant,b7d7a7e53700922ff31de0a62d8c2fa64c5b1a4a33bdd6f40ce4315b005dfdda,948,948,0,43,993,35,False
242,80,80,dolma3,tool,b7d7a7e53700922ff31de0a62d8c2fa64c5b1a4a33bdd6f40ce4315b005dfdda,948,948,0,40,991,35,False
243,81,81,dolma3,user,32bfcb378f133ede04d7763ef65494017aabe21a2871851beb8be8abe205bba7,396,396,0,60,458,58,False
244,81,81,dolma3,assistant,32bfcb378f133ede04d7763ef65494017aabe21a2871851beb8be8abe205bba7,396,396,0,65,463,58,False
245,81,81,dolma3,tool,32bfcb378f133ede04d7763ef65494017aabe21a2871851beb8be8abe205bba7,396,396,0,62,461,58,False
246,82,82,dolma3,user,ee4440c1d8da76ed0fc0e92393be5858bfc44803328dd8785c1ecf77ba38d023,767,767,0,153,922,150,False
247,82,82,dolma3,assistant,ee4440c1d8da76ed0fc0e92393be5858bfc44803328dd8785c1ecf77ba38d023,767,767,0,158,927,150,False
248,82,82,dolma3,tool,ee4440c1d8da76ed0fc0e92393be5858bfc44803328dd8785c1ecf77ba38d023,767,767,0,155,925,150,False
249,83,83,dolma3,user,60ba06da24ab2af3a6a74807ef9a1bf6776cfe3484720481053c5e85a7f4f339,908,908,0,182,1092,179,True
250,83,83,dolma3,assistant,60ba06da24ab2af3a6a74807ef9a1bf6776cfe3484720481053c5e85a7f4f339,908,908,0,187,1097,179,True
251,83,83,dolma3,tool,60ba06da24ab2af3a6a74807ef9a1bf6776cfe3484720481053c5e85a7f4f339,908,908,0,184,1096,179,True
252,84,84,dolma3,user,e39ec3bc1edf1a06d627bbc51e04082ad0cdc2431b63fd1d48a7de3ebb167017,582,582,0,39,623,36,True
253,84,84,dolma3,assistant,e39ec3bc1edf1a06d627bbc51e04082ad0cdc2431b63fd1d48a7de3ebb167017,582,582,0,44,628,36,True
254,84,84,dolma3,tool,e39ec3bc1edf1a06d627bbc51e04082ad0cdc2431b63fd1d48a7de3ebb167017,582,582,0,41,627,36,True
255,85,85,dolma3,user,5981fd5c5be5cb49006ab09f1b2e7f273ee63d3ae8dc669686032cf3225b0688,956,956,0,3,961,0,True
256,85,85,dolma3,assistant,5981fd5c5be5cb49006ab09f1b2e7f273ee63d3ae8dc669686032cf3225b0688,956,956,0,7,965,0,True
257,85,85,dolma3,tool,5981fd5c5be5cb49006ab09f1b2e7f273ee63d3ae8dc669686032cf3225b0688,956,956,0,5,965,0,True
258,86,86,dolma3,user,0971b8ee775debedd7c58b58e646e2c7bdebc97fe21eaa1fae1b556eee4bf9e6,1024,1024,0,272,1298,269,True
259,86,86,dolma3,assistant,0971b8ee775debedd7c58b58e646e2c7bdebc97fe21eaa1fae1b556eee4bf9e6,1024,1024,0,277,1303,269,True
260,86,86,dolma3,tool,0971b8ee775debedd7c58b58e646e2c7bdebc97fe21eaa1fae1b556eee4bf9e6,1024,1024,0,274,1302,269,True
261,87,87,dolma3,user,141f3aed8fb4e39b60bbd5aca0e5d5f6e6cd82b2a0469b99d88eb25903fba410,754,754,0,52,808,49,False
262,87,87,dolma3,assistant,141f3aed8fb4e39b60bbd5aca0e5d5f6e6cd82b2a0469b99d88eb25903fba410,754,754,0,57,813,49,False
263,87,87,dolma3,tool,141f3aed8fb4e39b60bbd5aca0e5d5f6e6cd82b2a0469b99d88eb25903fba410,754,754,0,54,811,49,False
264,88,88,dolma3,user,964f219a46a26527dd23f05d03d42fea448bbbf1f4301b76f108329f66905ef8,1024,1024,0,33,1059,30,True
265,88,88,dolma3,assistant,964f219a46a26527dd23f05d03d42fea448bbbf1f4301b76f108329f66905ef8,1024,1024,0,38,1064,30,True
266,88,88,dolma3,tool,964f219a46a26527dd23f05d03d42fea448bbbf1f4301b76f108329f66905ef8,1024,1024,0,35,1063,30,True
267,89,89,dolma3,user,91d07df80e9a1dc2a7b51db9dab028f188cb00f5e1a5ee63a3826e23da160837,546,546,0,3,551,0,True
268,89,89,dolma3,assistant,91d07df80e9a1dc2a7b51db9dab028f188cb00f5e1a5ee63a3826e23da160837,546,546,0,7,555,0,True
269,89,89,dolma3,tool,91d07df80e9a1dc2a7b51db9dab028f188cb00f5e1a5ee63a3826e23da160837,546,546,0,5,555,0,True
270,90,90,dolma3,user,93ac4d4fcaf326dc8b6e89904275aad4c09300c9d346a0c448299364ebe2edaa,302,302,0,3,307,0,True
271,90,90,dolma3,assistant,93ac4d4fcaf326dc8b6e89904275aad4c09300c9d346a0c448299364ebe2edaa,302,302,0,7,311,0,True
272,90,90,dolma3,tool,93ac4d4fcaf326dc8b6e89904275aad4c09300c9d346a0c448299364ebe2edaa,302,302,0,5,311,0,True
273,91,91,dolma3,user,05ff8fcea6309d4b023025f4067ee9e8ef12448227d08341255e6374045f0e2e,1024,1024,0,39,1065,37,False
274,91,91,dolma3,assistant,05ff8fcea6309d4b023025f4067ee9e8ef12448227d08341255e6374045f0e2e,1024,1024,0,44,1070,37,False
275,91,91,dolma3,tool,05ff8fcea6309d4b023025f4067ee9e8ef12448227d08341255e6374045f0e2e,1024,1024,0,41,1069,37,False
276,92,92,dolma3,user,ee27618341045722c6272d3e17a10acb046ead445363974b6440a1919fb4d80a,776,776,0,55,833,52,False
277,92,92,dolma3,assistant,ee27618341045722c6272d3e17a10acb046ead445363974b6440a1919fb4d80a,776,776,0,59,837,52,False
278,92,92,dolma3,tool,ee27618341045722c6272d3e17a10acb046ead445363974b6440a1919fb4d80a,777,777,0,57,837,52,False
279,93,93,dolma3,user,28f39cc38118262cb94a147aa2c3427c2b7f1bdbcffcb56c454702f5a9b2a092,176,176,0,109,287,106,False
280,93,93,dolma3,assistant,28f39cc38118262cb94a147aa2c3427c2b7f1bdbcffcb56c454702f5a9b2a092,176,176,0,114,292,106,False
281,93,93,dolma3,tool,28f39cc38118262cb94a147aa2c3427c2b7f1bdbcffcb56c454702f5a9b2a092,176,176,0,111,290,106,False
282,94,94,dolma3,user,64546087589b51044afc7b6c50a65fc404ebc5311f919cb03b34a15339dd9853,1024,1024,0,71,1097,68,True
283,94,94,dolma3,assistant,64546087589b51044afc7b6c50a65fc404ebc5311f919cb03b34a15339dd9853,1024,1024,0,76,1102,68,True
284,94,94,dolma3,tool,64546087589b51044afc7b6c50a65fc404ebc5311f919cb03b34a15339dd9853,1024,1024,0,73,1101,68,True
285,95,95,dolma3,user,1fcdec4853d36abb1545ea4fb823c070d57d577fa738e463df3255e66fde403b,1024,1024,0,14,1040,11,True
286,95,95,dolma3,assistant,1fcdec4853d36abb1545ea4fb823c070d57d577fa738e463df3255e66fde403b,1024,1024,0,19,1045,11,True
287,95,95,dolma3,tool,1fcdec4853d36abb1545ea4fb823c070d57d577fa738e463df3255e66fde403b,1024,1024,0,16,1044,11,True
288,96,96,dolma3,user,b37d9adc45c8db4b6d5d7a1085a5ce3e848a9db24561bccf743d31bdab5bc764,128,128,0,141,271,139,False
289,96,96,dolma3,assistant,b37d9adc45c8db4b6d5d7a1085a5ce3e848a9db24561bccf743d31bdab5bc764,128,128,0,146,276,139,False
290,96,96,dolma3,tool,b37d9adc45c8db4b6d5d7a1085a5ce3e848a9db24561bccf743d31bdab5bc764,128,128,0,143,275,139,False
291,97,97,dolma3,user,861d726831278669a5dad71fe99e6f135cae06ce6bad5e2cb9bfafcd51b0e50d,879,879,0,263,1144,260,True
292,97,97,dolma3,assistant,861d726831278669a5dad71fe99e6f135cae06ce6bad5e2cb9bfafcd51b0e50d,879,879,0,268,1149,260,True
293,97,97,dolma3,tool,861d726831278669a5dad71fe99e6f135cae06ce6bad5e2cb9bfafcd51b0e50d,879,879,0,265,1148,260,True
294,98,98,dolma3,user,663c4c3990d4fa05582c21e4f00d93d5cc60aac581acd793802e6797dcb00831,1024,1024,0,2,1028,0,False
295,98,98,dolma3,assistant,663c4c3990d4fa05582c21e4f00d93d5cc60aac581acd793802e6797dcb00831,1024,1024,0,6,1032,0,False
296,98,98,dolma3,tool,663c4c3990d4fa05582c21e4f00d93d5cc60aac581acd793802e6797dcb00831,1024,1024,0,4,1032,0,False
297,99,99,dolma3,user,2a9813fbdf08c519b3592966acde4b55a5c2e8f0f4f22a8f9b16c359939977f9,378,378,0,2,382,0,False
298,99,99,dolma3,assistant,2a9813fbdf08c519b3592966acde4b55a5c2e8f0f4f22a8f9b16c359939977f9,378,378,0,6,386,0,False
299,99,99,dolma3,tool,2a9813fbdf08c519b3592966acde4b55a5c2e8f0f4f22a8f9b16c359939977f9,378,378,0,4,385,0,False
300,100,100,dolma3,user,717afb8659ea892f7671ba8e87a40971d63996f813edc94021b63fdb80459e0d,1024,1024,0,20,1046,17,True
301,100,100,dolma3,assistant,717afb8659ea892f7671ba8e87a40971d63996f813edc94021b63fdb80459e0d,1024,1024,0,25,1051,17,True
302,100,100,dolma3,tool,717afb8659ea892f7671ba8e87a40971d63996f813edc94021b63fdb80459e0d,1024,1024,0,22,1050,17,True
303,101,101,dolma3,user,28df054ba48e9a07d9f5ae9845d6aceec15723c54c20a8bb23e54b9f35674c62,462,462,0,8,472,5,True
304,101,101,dolma3,assistant,28df054ba48e9a07d9f5ae9845d6aceec15723c54c20a8bb23e54b9f35674c62,462,462,0,13,477,5,True
305,101,101,dolma3,tool,28df054ba48e9a07d9f5ae9845d6aceec15723c54c20a8bb23e54b9f35674c62,462,462,0,10,476,5,True
306,102,102,dolma3,user,39304862f063205370e83f7cea017be58786cf904181ce542bc51382db0752b3,277,277,0,5,284,2,True
307,102,102,dolma3,assistant,39304862f063205370e83f7cea017be58786cf904181ce542bc51382db0752b3,277,277,0,10,289,2,True
308,102,102,dolma3,tool,39304862f063205370e83f7cea017be58786cf904181ce542bc51382db0752b3,277,277,0,7,288,2,True
309,103,103,dolma3,user,489689014d6ee6c2c7cbfae3b2c0e5fc3f2723d50d717aaba91ce04ef50434bf,871,871,0,21,894,18,False
310,103,103,dolma3,assistant,489689014d6ee6c2c7cbfae3b2c0e5fc3f2723d50d717aaba91ce04ef50434bf,871,871,0,26,899,18,False
311,103,103,dolma3,tool,489689014d6ee6c2c7cbfae3b2c0e5fc3f2723d50d717aaba91ce04ef50434bf,871,871,0,23,897,18,False
312,104,104,dolma3,user,fcf5c7eaa1127486f20d30b179f807fed60101acfacee591e89952692d25c91a,646,646,0,81,729,78,False
313,104,104,dolma3,assistant,fcf5c7eaa1127486f20d30b179f807fed60101acfacee591e89952692d25c91a,646,646,0,86,734,78,False
314,104,104,dolma3,tool,fcf5c7eaa1127486f20d30b179f807fed60101acfacee591e89952692d25c91a,646,646,0,83,732,78,False
315,105,105,dolma3,user,eb7aab0d37853c78bc7bfdb0616d4327f4588f980cbe71fecf0737501722ba01,149,149,0,20,171,17,False
316,105,105,dolma3,assistant,eb7aab0d37853c78bc7bfdb0616d4327f4588f980cbe71fecf0737501722ba01,149,149,0,25,176,17,False
317,105,105,dolma3,tool,eb7aab0d37853c78bc7bfdb0616d4327f4588f980cbe71fecf0737501722ba01,149,149,0,22,174,17,False
318,106,106,dolma3,user,5654b1629889c70923dfe513b3c4d493776d73dfd6b5d8273e4259ea10139e9f,260,260,0,117,379,115,False
319,106,106,dolma3,assistant,5654b1629889c70923dfe513b3c4d493776d73dfd6b5d8273e4259ea10139e9f,260,260,0,122,384,115,False
320,106,106,dolma3,tool,5654b1629889c70923dfe513b3c4d493776d73dfd6b5d8273e4259ea10139e9f,260,260,0,119,382,115,False
321,107,107,dolma3,user,a33319bf26767d14f3e16dbb3a22a73d45c7e289cc9cebfbfc0c2aa6bf7d49e5,1024,1024,0,270,1296,267,True
322,107,107,dolma3,assistant,a33319bf26767d14f3e16dbb3a22a73d45c7e289cc9cebfbfc0c2aa6bf7d49e5,1024,1024,0,275,1301,267,True
323,107,107,dolma3,tool,a33319bf26767d14f3e16dbb3a22a73d45c7e289cc9cebfbfc0c2aa6bf7d49e5,1024,1024,0,272,1300,267,True
324,108,108,dolma3,user,bd552946c2d12e8b9c3f9e0743ed3b029faf5ae084dc6e0a209a477686d0c97c,1024,1024,0,32,1058,29,True
325,108,108,dolma3,assistant,bd552946c2d12e8b9c3f9e0743ed3b029faf5ae084dc6e0a209a477686d0c97c,1024,1024,0,37,1063,29,True
326,108,108,dolma3,tool,bd552946c2d12e8b9c3f9e0743ed3b029faf5ae084dc6e0a209a477686d0c97c,1024,1024,0,34,1062,29,True
327,109,109,dolma3,user,e2ce19b7c088beda93070f7273ded06063e3c49355785cbc8bdf24510dc8e4b5,519,519,0,7,528,4,True
328,109,109,dolma3,assistant,e2ce19b7c088beda93070f7273ded06063e3c49355785cbc8bdf24510dc8e4b5,519,519,0,12,533,4,True
329,109,109,dolma3,tool,e2ce19b7c088beda93070f7273ded06063e3c49355785cbc8bdf24510dc8e4b5,519,519,0,9,532,4,True
330,110,110,dolma3,user,8f9b66cb83842b54754eff1061e5123f262b5cb7ee212868e3aad2554b6f9fea,396,396,0,26,424,23,False
331,110,110,dolma3,assistant,8f9b66cb83842b54754eff1061e5123f262b5cb7ee212868e3aad2554b6f9fea,396,396,0,31,429,23,False
332,110,110,dolma3,tool,8f9b66cb83842b54754eff1061e5123f262b5cb7ee212868e3aad2554b6f9fea,396,396,0,28,427,23,False
333,111,111,dolma3,user,e20d61378b488cc18bb62ed5e539de2dbf3206edf75f3fba99a4de829a506d78,410,410,0,98,510,95,True
334,111,111,dolma3,assistant,e20d61378b488cc18bb62ed5e539de2dbf3206edf75f3fba99a4de829a506d78,410,410,0,103,515,95,True
335,111,111,dolma3,tool,e20d61378b488cc18bb62ed5e539de2dbf3206edf75f3fba99a4de829a506d78,410,410,0,100,514,95,True
336,112,112,dolma3,user,b7ffb8481926bc67e0281d662d4b384f5c5a316741fb4544ddbc3839e47b94d0,1000,1000,0,14,1016,11,False
337,112,112,dolma3,assistant,b7ffb8481926bc67e0281d662d4b384f5c5a316741fb4544ddbc3839e47b94d0,1000,1000,0,19,1021,11,False
338,112,112,dolma3,tool,b7ffb8481926bc67e0281d662d4b384f5c5a316741fb4544ddbc3839e47b94d0,1000,1000,0,16,1019,11,False
339,113,113,dolma3,user,95ca1e4b1681868b264a2e53de8d0f7c18c0ec560cfa0e14a74ee15691844c6e,1024,1024,0,32,1058,30,False
340,113,113,dolma3,assistant,95ca1e4b1681868b264a2e53de8d0f7c18c0ec560cfa0e14a74ee15691844c6e,1024,1024,0,37,1063,30,False
341,113,113,dolma3,tool,95ca1e4b1681868b264a2e53de8d0f7c18c0ec560cfa0e14a74ee15691844c6e,1024,1024,0,34,1061,30,False
342,114,114,dolma3,user,8141e45e1228aece37037a0bb72b86d73581e9b9aac30e69b26f8ef5647793d5,1024,1024,0,11,1037,8,True
343,114,114,dolma3,assistant,8141e45e1228aece37037a0bb72b86d73581e9b9aac30e69b26f8ef5647793d5,1024,1024,0,16,1042,8,True
344,114,114,dolma3,tool,8141e45e1228aece37037a0bb72b86d73581e9b9aac30e69b26f8ef5647793d5,1024,1024,0,13,1041,8,True
345,115,115,dolma3,user,9a7537bfe612b10cd65ced93cd5a3faa941ed1edeb028d31fc6b8c028a3686c0,15,15,0,3,20,0,False
346,115,115,dolma3,assistant,9a7537bfe612b10cd65ced93cd5a3faa941ed1edeb028d31fc6b8c028a3686c0,15,15,0,7,24,0,False
347,115,115,dolma3,tool,9a7537bfe612b10cd65ced93cd5a3faa941ed1edeb028d31fc6b8c028a3686c0,15,15,0,5,23,0,False
348,116,116,dolma3,user,9e8a197c3a50c5cd83aa512bbea51e91d852f3d3d310e225948dde7c3fce0f1d,543,543,0,4,549,1,True
349,116,116,dolma3,assistant,9e8a197c3a50c5cd83aa512bbea51e91d852f3d3d310e225948dde7c3fce0f1d,543,543,0,9,554,1,True
350,116,116,dolma3,tool,9e8a197c3a50c5cd83aa512bbea51e91d852f3d3d310e225948dde7c3fce0f1d,543,543,0,6,553,1,True
351,117,117,dolma3,user,1df6daae97f54df3c6638fe48132757f27220c086bd9f790e8d32fffacef492a,386,386,0,23,411,20,True
352,117,117,dolma3,assistant,1df6daae97f54df3c6638fe48132757f27220c086bd9f790e8d32fffacef492a,386,386,0,28,416,20,True
353,117,117,dolma3,tool,1df6daae97f54df3c6638fe48132757f27220c086bd9f790e8d32fffacef492a,386,386,0,25,415,20,True
354,118,118,dolma3,user,04c00c4ed988738f204b5a900a307a36b4c56cbe99be2f47e198386b13fa50e7,1024,1024,0,24,1050,21,True
355,118,118,dolma3,assistant,04c00c4ed988738f204b5a900a307a36b4c56cbe99be2f47e198386b13fa50e7,1024,1024,0,29,1055,21,True
356,118,118,dolma3,tool,04c00c4ed988738f204b5a900a307a36b4c56cbe99be2f47e198386b13fa50e7,1024,1024,0,26,1054,21,True
357,119,119,dolma3,user,b00da6a0731c097944be4f5ab84c489af9afda99eb06451711da12b94d2d35d9,927,927,0,131,1060,128,False
358,119,119,dolma3,assistant,b00da6a0731c097944be4f5ab84c489af9afda99eb06451711da12b94d2d35d9,927,927,0,136,1065,128,False
359,119,119,dolma3,tool,b00da6a0731c097944be4f5ab84c489af9afda99eb06451711da12b94d2d35d9,927,927,0,133,1063,128,False
360,120,120,dolma3,user,f3ea8a148a7fe3e7ef9eb53a194ab9b53778d64af4c24a8e6a9f52571915608c,179,179,0,34,215,31,True
361,120,120,dolma3,assistant,f3ea8a148a7fe3e7ef9eb53a194ab9b53778d64af4c24a8e6a9f52571915608c,179,179,0,38,219,31,True
362,120,120,dolma3,tool,f3ea8a148a7fe3e7ef9eb53a194ab9b53778d64af4c24a8e6a9f52571915608c,179,179,0,36,219,31,True
363,121,121,dolma3,user,705d054face6b819cfb132209d6811c4891871927779ff7577b0d5dfeb3f4caa,654,654,0,20,676,17,True
364,121,121,dolma3,assistant,705d054face6b819cfb132209d6811c4891871927779ff7577b0d5dfeb3f4caa,654,654,0,25,681,17,True
365,121,121,dolma3,tool,705d054face6b819cfb132209d6811c4891871927779ff7577b0d5dfeb3f4caa,654,654,0,22,680,17,True
366,122,122,dolma3,user,de81217497fd401585d799a4917fb28b44f2274b4e501282a33cf19f21845457,794,794,0,88,884,85,False
367,122,122,dolma3,assistant,de81217497fd401585d799a4917fb28b44f2274b4e501282a33cf19f21845457,794,794,0,92,888,85,False
368,122,122,dolma3,tool,de81217497fd401585d799a4917fb28b44f2274b4e501282a33cf19f21845457,794,794,0,90,887,85,False
369,123,123,dolma3,user,1886ce299dd3ab8cc7cf217aaa9b25c93d447fc16c6012bc0b947c7c68a1d248,1024,1024,0,4,1030,1,True
370,123,123,dolma3,assistant,1886ce299dd3ab8cc7cf217aaa9b25c93d447fc16c6012bc0b947c7c68a1d248,1024,1024,0,9,1035,1,True
371,123,123,dolma3,tool,1886ce299dd3ab8cc7cf217aaa9b25c93d447fc16c6012bc0b947c7c68a1d248,1024,1024,0,6,1034,1,True
372,124,124,dolma3,user,965ceab52061c66a75cc8197a2537b56dd0743ccd750d1aff7afd7a1a0fad1da,176,176,0,18,196,15,False
373,124,124,dolma3,assistant,965ceab52061c66a75cc8197a2537b56dd0743ccd750d1aff7afd7a1a0fad1da,176,176,0,23,201,15,False
374,124,124,dolma3,tool,965ceab52061c66a75cc8197a2537b56dd0743ccd750d1aff7afd7a1a0fad1da,176,176,0,20,199,15,False
375,125,125,dolma3,user,30442fec37071a6764a18043108c6e7eddcebec67c79f5d6e74cc2045f525dea,1024,1024,0,130,1156,128,False
376,125,125,dolma3,assistant,30442fec37071a6764a18043108c6e7eddcebec67c79f5d6e74cc2045f525dea,1024,1024,0,135,1161,128,False
377,125,125,dolma3,tool,30442fec37071a6764a18043108c6e7eddcebec67c79f5d6e74cc2045f525dea,1024,1024,0,132,1160,128,False
378,126,126,dolma3,user,a1b679e9192e990ee7d88d640ab2bca3a68c738a2670541628a0f33c4a1dd8cd,828,828,0,53,883,50,True
379,126,126,dolma3,assistant,a1b679e9192e990ee7d88d640ab2bca3a68c738a2670541628a0f33c4a1dd8cd,828,828,0,58,888,50,True
380,126,126,dolma3,tool,a1b679e9192e990ee7d88d640ab2bca3a68c738a2670541628a0f33c4a1dd8cd,828,828,0,55,887,50,True
381,127,127,dolma3,user,58334125922b5b8318eff9967c24b50826137323c8894630af60f2b0596fe6cb,128,128,0,21,151,18,True
382,127,127,dolma3,assistant,58334125922b5b8318eff9967c24b50826137323c8894630af60f2b0596fe6cb,128,128,0,25,155,18,True
383,127,127,dolma3,tool,58334125922b5b8318eff9967c24b50826137323c8894630af60f2b0596fe6cb,128,128,0,23,155,18,True
384,128,128,dolma3,user,867734ddb0695c4ed56aee5a821a459fdc5ec38810b325704db30c78b1a3c482,1024,1024,0,49,1075,46,True
385,128,128,dolma3,assistant,867734ddb0695c4ed56aee5a821a459fdc5ec38810b325704db30c78b1a3c482,1024,1024,0,54,1080,46,True
386,128,128,dolma3,tool,867734ddb0695c4ed56aee5a821a459fdc5ec38810b325704db30c78b1a3c482,1024,1024,0,51,1079,46,True
387,129,129,dolma3,user,e6aea6ec25596b1e96dcdf845b2109509ce1a6e307f3705aa31c60bc8d972651,1024,1024,0,31,1057,28,True
388,129,129,dolma3,assistant,e6aea6ec25596b1e96dcdf845b2109509ce1a6e307f3705aa31c60bc8d972651,1024,1024,0,36,1062,28,True
389,129,129,dolma3,tool,e6aea6ec25596b1e96dcdf845b2109509ce1a6e307f3705aa31c60bc8d972651,1024,1024,0,33,1061,28,True
390,130,130,dolma3,user,5cae73e0bdb102463b7826d0233ae1c52d73a9a22ab0b7e56b421d069fe2cdaa,1024,1024,0,3,1029,0,True
391,130,130,dolma3,assistant,5cae73e0bdb102463b7826d0233ae1c52d73a9a22ab0b7e56b421d069fe2cdaa,1024,1024,0,7,1033,0,True
392,130,130,dolma3,tool,5cae73e0bdb102463b7826d0233ae1c52d73a9a22ab0b7e56b421d069fe2cdaa,1024,1024,0,5,1033,0,True
393,131,131,dolma3,user,3443fa4cba92ac8bbd3f305762042c42f60bf787a0c07519b7e298c186fde33e,280,280,0,102,384,99,False
394,131,131,dolma3,assistant,3443fa4cba92ac8bbd3f305762042c42f60bf787a0c07519b7e298c186fde33e,280,280,0,107,389,99,False
395,131,131,dolma3,tool,3443fa4cba92ac8bbd3f305762042c42f60bf787a0c07519b7e298c186fde33e,280,280,0,104,387,99,False
396,132,132,dolma3,user,d082b2c5742215627480bb00e518c06e04526d7aa55beaa6b7459ec4bc705108,1024,1024,0,44,1070,42,False
397,132,132,dolma3,assistant,d082b2c5742215627480bb00e518c06e04526d7aa55beaa6b7459ec4bc705108,1024,1024,0,49,1075,42,False
398,132,132,dolma3,tool,d082b2c5742215627480bb00e518c06e04526d7aa55beaa6b7459ec4bc705108,1024,1024,0,46,1073,42,False
399,133,133,dolma3,user,68f73c2963eb95288d58867a4892c45af39b2a674a39f32458bd921353f7b47d,315,315,0,8,325,5,False
400,133,133,dolma3,assistant,68f73c2963eb95288d58867a4892c45af39b2a674a39f32458bd921353f7b47d,315,315,0,13,330,5,False
401,133,133,dolma3,tool,68f73c2963eb95288d58867a4892c45af39b2a674a39f32458bd921353f7b47d,315,315,0,10,328,5,False
402,134,134,dolma3,user,e4ef124ca3c274edfd59602f47f8d0ca126f80f2974b4d497ded5271bd4ff6a7,1024,1024,0,3,1029,0,True
403,134,134,dolma3,assistant,e4ef124ca3c274edfd59602f47f8d0ca126f80f2974b4d497ded5271bd4ff6a7,1024,1024,0,7,1033,0,True
404,134,134,dolma3,tool,e4ef124ca3c274edfd59602f47f8d0ca126f80f2974b4d497ded5271bd4ff6a7,1024,1024,0,5,1033,0,True
405,135,135,dolma3,user,96f10542deca6ba932da949397c770374ddd06da9c4255239df2be6a80ba5cb6,208,208,0,6,216,3,False
406,135,135,dolma3,assistant,96f10542deca6ba932da949397c770374ddd06da9c4255239df2be6a80ba5cb6,208,208,0,11,221,3,False
407,135,135,dolma3,tool,96f10542deca6ba932da949397c770374ddd06da9c4255239df2be6a80ba5cb6,208,208,0,8,219,3,False
408,136,136,dolma3,user,fc149235842cc06fde9018eadae589fed8996d71950cd374545dc3b4fdf3b89b,231,231,0,46,279,43,False
409,136,136,dolma3,assistant,fc149235842cc06fde9018eadae589fed8996d71950cd374545dc3b4fdf3b89b,231,231,0,51,284,43,False
410,136,136,dolma3,tool,fc149235842cc06fde9018eadae589fed8996d71950cd374545dc3b4fdf3b89b,231,231,0,48,282,43,False
411,137,137,dolma3,user,4d6d6ff6bb8d5dcaf968c2f728a8f2cbdfea00ee484d676e6c33a8e0042c0b28,387,387,0,40,429,37,False
412,137,137,dolma3,assistant,4d6d6ff6bb8d5dcaf968c2f728a8f2cbdfea00ee484d676e6c33a8e0042c0b28,387,387,0,45,434,37,False
413,137,137,dolma3,tool,4d6d6ff6bb8d5dcaf968c2f728a8f2cbdfea00ee484d676e6c33a8e0042c0b28,387,387,0,42,432,37,False
414,138,138,dolma3,user,a12046ab66ff8b11d5a4ec2a897027e6b26625e475bf8a87c81c96e6a2d029fd,329,329,0,26,357,23,False
415,138,138,dolma3,assistant,a12046ab66ff8b11d5a4ec2a897027e6b26625e475bf8a87c81c96e6a2d029fd,329,329,0,31,362,23,False
416,138,138,dolma3,tool,a12046ab66ff8b11d5a4ec2a897027e6b26625e475bf8a87c81c96e6a2d029fd,329,329,0,28,360,23,False
417,139,139,dolma3,user,00e4cb94a43854d06aeeacca44e74a477141a3be86e1c039fef2a5a07ecaab50,434,434,0,72,508,69,False
418,139,139,dolma3,assistant,00e4cb94a43854d06aeeacca44e74a477141a3be86e1c039fef2a5a07ecaab50,434,434,0,77,513,69,False
419,139,139,dolma3,tool,00e4cb94a43854d06aeeacca44e74a477141a3be86e1c039fef2a5a07ecaab50,434,434,0,74,511,69,False
420,140,140,dolma3,user,7e45042c134fbce25f7fda309a48bcbd2bb254c8c6da53e62628eb5608a747c8,838,838,0,58,898,55,True
421,140,140,dolma3,assistant,7e45042c134fbce25f7fda309a48bcbd2bb254c8c6da53e62628eb5608a747c8,838,838,0,63,903,55,True
422,140,140,dolma3,tool,7e45042c134fbce25f7fda309a48bcbd2bb254c8c6da53e62628eb5608a747c8,838,838,0,60,902,55,True
423,141,141,dolma3,user,1931b986642ba886bca66c5d7b08b134ec62f67d7013f75124b75722e017d3c3,258,258,0,8,268,5,False
424,141,141,dolma3,assistant,1931b986642ba886bca66c5d7b08b134ec62f67d7013f75124b75722e017d3c3,258,258,0,13,273,5,False
425,141,141,dolma3,tool,1931b986642ba886bca66c5d7b08b134ec62f67d7013f75124b75722e017d3c3,258,258,0,10,271,5,False
426,142,142,dolma3,user,4779498bbb335daacaf040053e5f6f29cae66d77a116fe5b63b960825666a484,295,295,0,40,337,37,True
427,142,142,dolma3,assistant,4779498bbb335daacaf040053e5f6f29cae66d77a116fe5b63b960825666a484,295,295,0,45,342,37,True
428,142,142,dolma3,tool,4779498bbb335daacaf040053e5f6f29cae66d77a116fe5b63b960825666a484,295,295,0,42,341,37,True
429,143,143,dolma3,user,a0580e14a56eab649372222d780495c79d0ec2dd9b148506a5d5c6f036adc44e,226,226,0,249,477,246,True
430,143,143,dolma3,assistant,a0580e14a56eab649372222d780495c79d0ec2dd9b148506a5d5c6f036adc44e,226,226,0,254,482,246,True
431,143,143,dolma3,tool,a0580e14a56eab649372222d780495c79d0ec2dd9b148506a5d5c6f036adc44e,226,226,0,251,481,246,True
432,144,144,dolma3,user,8a11dfbec3b80caaafcecefb7151ee448057090593652bac170b12ba7c5645f2,617,617,0,6,625,3,True
433,144,144,dolma3,assistant,8a11dfbec3b80caaafcecefb7151ee448057090593652bac170b12ba7c5645f2,617,617,0,11,630,3,True
434,144,144,dolma3,tool,8a11dfbec3b80caaafcecefb7151ee448057090593652bac170b12ba7c5645f2,617,617,0,8,629,3,True
435,145,145,dolma3,user,edb427b9a38f217765c551fed1565d27857d311a289842d1d7692785ce9953a5,134,134,0,37,173,34,False
436,145,145,dolma3,assistant,edb427b9a38f217765c551fed1565d27857d311a289842d1d7692785ce9953a5,134,134,0,42,178,34,False
437,145,145,dolma3,tool,edb427b9a38f217765c551fed1565d27857d311a289842d1d7692785ce9953a5,134,134,0,39,176,34,False
438,146,146,dolma3,user,ff9ac0eaf26ee15f3a113e8732e511eb05eb04ece1bf9d0e80816e544ccc0325,583,583,0,32,617,29,False
439,146,146,dolma3,assistant,ff9ac0eaf26ee15f3a113e8732e511eb05eb04ece1bf9d0e80816e544ccc0325,583,583,0,37,622,29,False
440,146,146,dolma3,tool,ff9ac0eaf26ee15f3a113e8732e511eb05eb04ece1bf9d0e80816e544ccc0325,583,583,0,34,620,29,False
441,147,147,dolma3,user,63102c07e20099c0da13a1bd81f7d63f6a162bb60ee52690e374ab819b176d83,561,561,0,3,566,0,True
442,147,147,dolma3,assistant,63102c07e20099c0da13a1bd81f7d63f6a162bb60ee52690e374ab819b176d83,561,561,0,7,570,0,True
443,147,147,dolma3,tool,63102c07e20099c0da13a1bd81f7d63f6a162bb60ee52690e374ab819b176d83,561,561,0,5,570,0,True
444,148,148,dolma3,user,520623ed836f3f56f4766dbbd25cd389063471f421ecb89668756a62cf43625e,735,735,0,21,758,18,True
445,148,148,dolma3,assistant,520623ed836f3f56f4766dbbd25cd389063471f421ecb89668756a62cf43625e,735,735,0,26,763,18,True
446,148,148,dolma3,tool,520623ed836f3f56f4766dbbd25cd389063471f421ecb89668756a62cf43625e,735,735,0,23,762,18,True
447,149,149,dolma3,user,6c58c36cfc4f61caa0cf0f548491231b779670933b1891396525efe02f0b9f68,258,258,0,17,277,14,False
448,149,149,dolma3,assistant,6c58c36cfc4f61caa0cf0f548491231b779670933b1891396525efe02f0b9f68,258,258,0,22,282,14,False
449,149,149,dolma3,tool,6c58c36cfc4f61caa0cf0f548491231b779670933b1891396525efe02f0b9f68,258,258,0,19,280,14,False
450,150,150,dolma3,user,f34e046a9f87111abf9560492f2facaffc76ee3f96d7b12b1f0d493d766c295f,1024,1024,0,34,1060,32,False
451,150,150,dolma3,assistant,f34e046a9f87111abf9560492f2facaffc76ee3f96d7b12b1f0d493d766c295f,1024,1024,0,39,1065,32,False
452,150,150,dolma3,tool,f34e046a9f87111abf9560492f2facaffc76ee3f96d7b12b1f0d493d766c295f,1024,1024,0,36,1064,32,False
453,151,151,dolma3,user,1b67d0803f13f7124333d1b095f61b66b9778ea4d139f0f76652a4105faf5aa7,658,658,0,5,665,3,False
454,151,151,dolma3,assistant,1b67d0803f13f7124333d1b095f61b66b9778ea4d139f0f76652a4105faf5aa7,658,658,0,10,670,3,False
455,151,151,dolma3,tool,1b67d0803f13f7124333d1b095f61b66b9778ea4d139f0f76652a4105faf5aa7,658,658,0,7,669,3,False
456,152,152,dolma3,user,35ddae34ce2c9f8af1c31ae27d455addf332443ad446055669b746668f9e18c6,1024,1024,0,12,1038,9,True
457,152,152,dolma3,assistant,35ddae34ce2c9f8af1c31ae27d455addf332443ad446055669b746668f9e18c6,1024,1024,0,17,1043,9,True
458,152,152,dolma3,tool,35ddae34ce2c9f8af1c31ae27d455addf332443ad446055669b746668f9e18c6,1024,1024,0,14,1042,9,True
459,153,153,dolma3,user,b4ebc870c0853e700b23d7ebdc2abbb57f5a3be9ea144195c50ea9808e7d9201,476,476,0,9,487,6,False
460,153,153,dolma3,assistant,b4ebc870c0853e700b23d7ebdc2abbb57f5a3be9ea144195c50ea9808e7d9201,476,476,0,14,492,6,False
461,153,153,dolma3,tool,b4ebc870c0853e700b23d7ebdc2abbb57f5a3be9ea144195c50ea9808e7d9201,476,476,0,11,490,6,False
462,154,154,dolma3,user,40446b07ed9c616787b9c112312d9f7e6bbe767859e44db6334ba01908c4a191,703,703,0,70,775,67,True
463,154,154,dolma3,assistant,40446b07ed9c616787b9c112312d9f7e6bbe767859e44db6334ba01908c4a191,703,703,0,74,779,67,True
464,154,154,dolma3,tool,40446b07ed9c616787b9c112312d9f7e6bbe767859e44db6334ba01908c4a191,703,703,0,72,779,67,True
465,155,155,dolma3,user,2541bc48beda64ef1ce89545e9c822f14c61654635475c547e9c02b023c191d7,245,245,0,53,300,51,False
466,155,155,dolma3,assistant,2541bc48beda64ef1ce89545e9c822f14c61654635475c547e9c02b023c191d7,245,245,0,58,305,51,False
467,155,155,dolma3,tool,2541bc48beda64ef1ce89545e9c822f14c61654635475c547e9c02b023c191d7,245,245,0,55,304,51,False
468,156,156,dolma3,user,36995ea877492c7915ee9e9171f2fb6dca5acacc9eb5f660e2313709f4849605,492,492,0,159,653,156,True
469,156,156,dolma3,assistant,36995ea877492c7915ee9e9171f2fb6dca5acacc9eb5f660e2313709f4849605,492,492,0,164,658,156,True
470,156,156,dolma3,tool,36995ea877492c7915ee9e9171f2fb6dca5acacc9eb5f660e2313709f4849605,492,492,0,161,657,156,True
471,157,157,dolma3,user,40a676983164020df47aefcb601623107a5a27a2f5e0c901708f12426d9efd71,270,270,0,3,275,0,True
472,157,157,dolma3,assistant,40a676983164020df47aefcb601623107a5a27a2f5e0c901708f12426d9efd71,270,270,0,7,279,0,True
473,157,157,dolma3,tool,40a676983164020df47aefcb601623107a5a27a2f5e0c901708f12426d9efd71,270,270,0,5,279,0,True
474,158,158,dolma3,user,6bccaf911cdc3b55facebc7ca28895f822e7a51d7ca4a4092441e210846a9574,848,848,0,86,936,83,True
475,158,158,dolma3,assistant,6bccaf911cdc3b55facebc7ca28895f822e7a51d7ca4a4092441e210846a9574,848,848,0,91,941,83,True
476,158,158,dolma3,tool,6bccaf911cdc3b55facebc7ca28895f822e7a51d7ca4a4092441e210846a9574,848,848,0,88,940,83,True
477,159,159,dolma3,user,25a5e7f3432174c88abd198b8fc2f6bbea19bb6020ef65a03abac92830f5a984,1024,1024,0,3,1029,0,True
478,159,159,dolma3,assistant,25a5e7f3432174c88abd198b8fc2f6bbea19bb6020ef65a03abac92830f5a984,1024,1024,0,7,1033,0,True
479,159,159,dolma3,tool,25a5e7f3432174c88abd198b8fc2f6bbea19bb6020ef65a03abac92830f5a984,1024,1024,0,5,1033,0,True
480,160,160,dolma3,user,dd0cdb6e21db3cae0ff2c04251dce8a7714df6b99f3658760b758f49bf822863,636,636,0,7,645,4,False
481,160,160,dolma3,assistant,dd0cdb6e21db3cae0ff2c04251dce8a7714df6b99f3658760b758f49bf822863,636,636,0,12,650,4,False
482,160,160,dolma3,tool,dd0cdb6e21db3cae0ff2c04251dce8a7714df6b99f3658760b758f49bf822863,636,636,0,9,648,4,False
483,161,161,dolma3,user,3a4a28165b9c225ae413bf92b849d7217d3239eb506ba6d16fe1eaa42be1c102,1024,1024,0,8,1034,5,True
484,161,161,dolma3,assistant,3a4a28165b9c225ae413bf92b849d7217d3239eb506ba6d16fe1eaa42be1c102,1024,1024,0,13,1039,5,True
485,161,161,dolma3,tool,3a4a28165b9c225ae413bf92b849d7217d3239eb506ba6d16fe1eaa42be1c102,1024,1024,0,10,1038,5,True
486,162,162,dolma3,user,0b0c046843506909955c1471e9426e428d10f272c45be6a4586cb43dda03928f,584,584,0,36,622,33,True
487,162,162,dolma3,assistant,0b0c046843506909955c1471e9426e428d10f272c45be6a4586cb43dda03928f,584,584,0,41,627,33,True
488,162,162,dolma3,tool,0b0c046843506909955c1471e9426e428d10f272c45be6a4586cb43dda03928f,584,584,0,38,626,33,True
489,163,163,dolma3,user,e6c974c0c8a267559f57c203614e544b16ddd51744c5863d6ba3ea32e7453a05,240,240,0,39,281,36,False
490,163,163,dolma3,assistant,e6c974c0c8a267559f57c203614e544b16ddd51744c5863d6ba3ea32e7453a05,240,240,0,44,286,36,False
491,163,163,dolma3,tool,e6c974c0c8a267559f57c203614e544b16ddd51744c5863d6ba3ea32e7453a05,240,240,0,41,284,36,False
492,164,164,dolma3,user,c6674747ccb8839077c1462b77c738a3e50fc0195de2113b3d8957daa7a92147,1024,1024,0,220,1246,217,True
493,164,164,dolma3,assistant,c6674747ccb8839077c1462b77c738a3e50fc0195de2113b3d8957daa7a92147,1024,1024,0,225,1251,217,True
494,164,164,dolma3,tool,c6674747ccb8839077c1462b77c738a3e50fc0195de2113b3d8957daa7a92147,1024,1024,0,222,1250,217,True
495,165,165,dolma3,user,85e239db7d96caa01739a9ca01aa8e599636a9b60f6d7cc330b0530e1865dc03,338,338,0,118,458,116,False
496,165,165,dolma3,assistant,85e239db7d96caa01739a9ca01aa8e599636a9b60f6d7cc330b0530e1865dc03,338,338,0,123,463,116,False
497,165,165,dolma3,tool,85e239db7d96caa01739a9ca01aa8e599636a9b60f6d7cc330b0530e1865dc03,338,338,0,120,461,116,False
498,166,166,dolma3,user,0563fe6856f5559332a95da2e3dd99f526b6f8738966e0f027727d3a81b31ad3,965,965,0,4,971,1,False
499,166,166,dolma3,assistant,0563fe6856f5559332a95da2e3dd99f526b6f8738966e0f027727d3a81b31ad3,965,965,0,9,976,1,False
500,166,166,dolma3,tool,0563fe6856f5559332a95da2e3dd99f526b6f8738966e0f027727d3a81b31ad3,965,965,0,6,974,1,False
501,167,167,dolma3,user,b6b288817bc301f78274c627e7b8dad9fde308f28a477155547edfa62b3ebac5,1024,1024,0,48,1074,45,True
502,167,167,dolma3,assistant,b6b288817bc301f78274c627e7b8dad9fde308f28a477155547edfa62b3ebac5,1024,1024,0,53,1079,45,True
503,167,167,dolma3,tool,b6b288817bc301f78274c627e7b8dad9fde308f28a477155547edfa62b3ebac5,1024,1024,0,50,1078,45,True
504,168,168,dolma3,user,a6be304492b63352536d09eb12c58915d27fc0b65b7d3124e47e3b12b79224ed,1024,1024,0,69,1095,66,True
505,168,168,dolma3,assistant,a6be304492b63352536d09eb12c58915d27fc0b65b7d3124e47e3b12b79224ed,1024,1024,0,74,1100,66,True
506,168,168,dolma3,tool,a6be304492b63352536d09eb12c58915d27fc0b65b7d3124e47e3b12b79224ed,1024,1024,0,71,1099,66,True
507,169,169,dolma3,user,849b7bd9b8416cc8c6d8df74f1cb3feb5b93a637dfa494f240341a4b36ed412a,915,915,0,16,933,13,True
508,169,169,dolma3,assistant,849b7bd9b8416cc8c6d8df74f1cb3feb5b93a637dfa494f240341a4b36ed412a,915,915,0,21,938,13,True
509,169,169,dolma3,tool,849b7bd9b8416cc8c6d8df74f1cb3feb5b93a637dfa494f240341a4b36ed412a,915,915,0,18,937,13,True
510,170,170,dolma3,user,a2fbbdf595425517c909e78d715e7263a1106bb56972ce8f8cda31903db5820a,265,265,0,150,417,147,True
511,170,170,dolma3,assistant,a2fbbdf595425517c909e78d715e7263a1106bb56972ce8f8cda31903db5820a,265,265,0,155,422,147,True
512,170,170,dolma3,tool,a2fbbdf595425517c909e78d715e7263a1106bb56972ce8f8cda31903db5820a,265,265,0,152,421,147,True
513,171,171,dolma3,user,dd40c6230e6602a10fc8ca24f3cd1ef1f0c1964b17663bf83a374abcb38a9de0,615,615,0,142,759,139,True
514,171,171,dolma3,assistant,dd40c6230e6602a10fc8ca24f3cd1ef1f0c1964b17663bf83a374abcb38a9de0,615,615,0,147,764,139,True
515,171,171,dolma3,tool,dd40c6230e6602a10fc8ca24f3cd1ef1f0c1964b17663bf83a374abcb38a9de0,615,615,0,144,763,139,True
516,172,172,dolma3,user,e8cb295eab5a8d0550729030450e2bdca06b470caaa211c67021bd07aa93b10c,253,253,0,2,257,0,False
517,172,172,dolma3,assistant,e8cb295eab5a8d0550729030450e2bdca06b470caaa211c67021bd07aa93b10c,253,253,0,6,261,0,False
518,172,172,dolma3,tool,e8cb295eab5a8d0550729030450e2bdca06b470caaa211c67021bd07aa93b10c,253,253,0,4,260,0,False
519,173,173,dolma3,user,c2c867bbe3cdfa1a17f3f6ecd88aaa54dacd2cbbf2709ca08fed9b1c16168b21,102,102,0,137,241,134,True
520,173,173,dolma3,assistant,c2c867bbe3cdfa1a17f3f6ecd88aaa54dacd2cbbf2709ca08fed9b1c16168b21,102,102,0,142,246,134,True
521,173,173,dolma3,tool,c2c867bbe3cdfa1a17f3f6ecd88aaa54dacd2cbbf2709ca08fed9b1c16168b21,102,102,0,139,245,134,True
522,174,174,dolma3,user,151e65e1a7fb9bf3585761f40fbdcf1eaaa150b6ce4724d98c2144caf04546c3,613,613,0,12,627,9,False
523,174,174,dolma3,assistant,151e65e1a7fb9bf3585761f40fbdcf1eaaa150b6ce4724d98c2144caf04546c3,613,613,0,17,632,9,False
524,174,174,dolma3,tool,151e65e1a7fb9bf3585761f40fbdcf1eaaa150b6ce4724d98c2144caf04546c3,613,613,0,14,630,9,False
525,175,175,dolma3,user,650a4ede0acc26008d03b705ecf0ee7e09d69dedac7fefcc738aeea447b51f72,152,152,0,3,157,0,False
526,175,175,dolma3,assistant,650a4ede0acc26008d03b705ecf0ee7e09d69dedac7fefcc738aeea447b51f72,152,152,0,7,161,0,False
527,175,175,dolma3,tool,650a4ede0acc26008d03b705ecf0ee7e09d69dedac7fefcc738aeea447b51f72,152,152,0,5,160,0,False
528,176,176,dolma3,user,61702913b00ebe98bf06685979acbe657f79da79b6de3be66f1900313860a07b,158,158,0,15,175,12,False
529,176,176,dolma3,assistant,61702913b00ebe98bf06685979acbe657f79da79b6de3be66f1900313860a07b,158,158,0,20,180,12,False
530,176,176,dolma3,tool,61702913b00ebe98bf06685979acbe657f79da79b6de3be66f1900313860a07b,158,158,0,17,178,12,False
531,177,177,dolma3,user,0e54bc32ec73d7454b3fdd9c33ce9296632c62ecc3a50e943d2e7239bbd8b37f,1024,1024,0,290,1316,288,False
532,177,177,dolma3,assistant,0e54bc32ec73d7454b3fdd9c33ce9296632c62ecc3a50e943d2e7239bbd8b37f,1024,1024,0,294,1320,288,False
533,177,177,dolma3,tool,0e54bc32ec73d7454b3fdd9c33ce9296632c62ecc3a50e943d2e7239bbd8b37f,1024,1024,0,292,1320,288,False
534,178,178,dolma3,user,c998004cc059ffaa6313c884c9f18ac7524cb1a0357de139b4e2951def229200,1024,1024,0,6,1032,3,True
535,178,178,dolma3,assistant,c998004cc059ffaa6313c884c9f18ac7524cb1a0357de139b4e2951def229200,1024,1024,0,11,1037,3,True
536,178,178,dolma3,tool,c998004cc059ffaa6313c884c9f18ac7524cb1a0357de139b4e2951def229200,1024,1024,0,8,1036,3,True
537,179,179,dolma3,user,0d65fffb7c7a26e825344490b968d6d4d04e17f2d0fc055d58ee9c43a31542a7,1024,1024,0,43,1069,40,True
538,179,179,dolma3,assistant,0d65fffb7c7a26e825344490b968d6d4d04e17f2d0fc055d58ee9c43a31542a7,1024,1024,0,48,1074,40,True
539,179,179,dolma3,tool,0d65fffb7c7a26e825344490b968d6d4d04e17f2d0fc055d58ee9c43a31542a7,1024,1024,0,45,1073,40,True
540,180,180,dolma3,user,ad1c22d03ab6de955b83cb480722158df27f53338e99496735c9d30fc8190c44,692,692,0,3,697,0,True
541,180,180,dolma3,assistant,ad1c22d03ab6de955b83cb480722158df27f53338e99496735c9d30fc8190c44,692,692,0,7,701,0,True
542,180,180,dolma3,tool,ad1c22d03ab6de955b83cb480722158df27f53338e99496735c9d30fc8190c44,692,692,0,5,701,0,True
543,181,181,dolma3,user,e3269aeb8ba9ce30e2efde2abe0df6690affccad8c9bd4d149642374cd8aa0f3,556,556,0,12,570,9,False
544,181,181,dolma3,assistant,e3269aeb8ba9ce30e2efde2abe0df6690affccad8c9bd4d149642374cd8aa0f3,556,556,0,17,575,9,False
545,181,181,dolma3,tool,e3269aeb8ba9ce30e2efde2abe0df6690affccad8c9bd4d149642374cd8aa0f3,556,556,0,14,573,9,False
546,182,182,dolma3,user,eda73e241ef7ab1c01bb8e39b33974a214f907fc3a161e709b4914feba44c1fd,1024,1024,0,11,1037,8,True
547,182,182,dolma3,assistant,eda73e241ef7ab1c01bb8e39b33974a214f907fc3a161e709b4914feba44c1fd,1024,1024,0,16,1042,8,True
548,182,182,dolma3,tool,eda73e241ef7ab1c01bb8e39b33974a214f907fc3a161e709b4914feba44c1fd,1024,1024,0,13,1041,8,True
549,183,183,dolma3,user,eefcac3f3716673d44436764f24bce1435f105e7f347cad220f4604f4454dcb5,693,693,0,58,753,55,True
550,183,183,dolma3,assistant,eefcac3f3716673d44436764f24bce1435f105e7f347cad220f4604f4454dcb5,693,693,0,62,757,55,True
551,183,183,dolma3,tool,eefcac3f3716673d44436764f24bce1435f105e7f347cad220f4604f4454dcb5,693,693,0,60,757,55,True
552,184,184,dolma3,user,cf41a0cbf3527d69dd6a6ab0b81e7f2453198103ae1250ef1ce4d7ac898d2201,603,603,0,67,672,64,False
553,184,184,dolma3,assistant,cf41a0cbf3527d69dd6a6ab0b81e7f2453198103ae1250ef1ce4d7ac898d2201,603,603,0,72,677,64,False
554,184,184,dolma3,tool,cf41a0cbf3527d69dd6a6ab0b81e7f2453198103ae1250ef1ce4d7ac898d2201,603,603,0,69,675,64,False
555,185,185,dolma3,user,76d7340ed1514666249b9be54bf5f7a1f5e1ba973ecc5bada165865de96bef59,1024,1024,0,6,1032,3,True
556,185,185,dolma3,assistant,76d7340ed1514666249b9be54bf5f7a1f5e1ba973ecc5bada165865de96bef59,1024,1024,0,11,1037,3,True
557,185,185,dolma3,tool,76d7340ed1514666249b9be54bf5f7a1f5e1ba973ecc5bada165865de96bef59,1024,1024,0,8,1036,3,True
558,186,186,dolma3,user,4ad9c62b78f61dd016b0edeeaadb7935fe9fe89f5d53e4ae197e78a1542dc784,139,139,0,46,187,43,False
559,186,186,dolma3,assistant,4ad9c62b78f61dd016b0edeeaadb7935fe9fe89f5d53e4ae197e78a1542dc784,139,139,0,51,192,43,False
560,186,186,dolma3,tool,4ad9c62b78f61dd016b0edeeaadb7935fe9fe89f5d53e4ae197e78a1542dc784,139,139,0,48,190,43,False
561,187,187,dolma3,user,71e63a2df6db4c0ddf408a47fffeb43ce178919f3ea5b34a55c7ab204da511f1,469,469,0,32,503,29,True
562,187,187,dolma3,assistant,71e63a2df6db4c0ddf408a47fffeb43ce178919f3ea5b34a55c7ab204da511f1,469,469,0,37,508,29,True
563,187,187,dolma3,tool,71e63a2df6db4c0ddf408a47fffeb43ce178919f3ea5b34a55c7ab204da511f1,469,469,0,34,507,29,True
564,188,188,dolma3,user,232cce5e6217bbd16e4d25de5cf06a8021c48b00c68cf575763a893b1668cc77,1024,1024,0,6,1032,3,True
565,188,188,dolma3,assistant,232cce5e6217bbd16e4d25de5cf06a8021c48b00c68cf575763a893b1668cc77,1024,1024,0,11,1037,3,True
566,188,188,dolma3,tool,232cce5e6217bbd16e4d25de5cf06a8021c48b00c68cf575763a893b1668cc77,1024,1024,0,8,1036,3,True
567,189,189,dolma3,user,de3dbf8e6c929f3b7a40c11524cbb41254822c303cd768aba187eef9a54b7485,1024,1024,0,4,1030,1,True
568,189,189,dolma3,assistant,de3dbf8e6c929f3b7a40c11524cbb41254822c303cd768aba187eef9a54b7485,1024,1024,0,9,1035,1,True
569,189,189,dolma3,tool,de3dbf8e6c929f3b7a40c11524cbb41254822c303cd768aba187eef9a54b7485,1024,1024,0,6,1034,1,True
570,190,190,dolma3,user,0133368db6d4b8ac8b54d387ad890c8d98d924f52c98831b205eb4444ce03670,917,917,0,34,953,31,True
571,190,190,dolma3,assistant,0133368db6d4b8ac8b54d387ad890c8d98d924f52c98831b205eb4444ce03670,917,917,0,39,958,31,True
572,190,190,dolma3,tool,0133368db6d4b8ac8b54d387ad890c8d98d924f52c98831b205eb4444ce03670,917,917,0,36,957,31,True
573,191,191,dolma3,user,a9a5cffa2af809cb518c489d56b8b5896e9760d728eaa1e2c7c015b6b652cd50,1024,1024,0,235,1261,232,True
574,191,191,dolma3,assistant,a9a5cffa2af809cb518c489d56b8b5896e9760d728eaa1e2c7c015b6b652cd50,1024,1024,0,240,1266,232,True
575,191,191,dolma3,tool,a9a5cffa2af809cb518c489d56b8b5896e9760d728eaa1e2c7c015b6b652cd50,1024,1024,0,237,1265,232,True
576,192,192,dolma3,user,62ad5615ce21424665db36323a9e96ab4c88afc5c84c3e9f9ec8a2390a945663,277,277,0,3,282,0,False
577,192,192,dolma3,assistant,62ad5615ce21424665db36323a9e96ab4c88afc5c84c3e9f9ec8a2390a945663,277,277,0,7,286,0,False
578,192,192,dolma3,tool,62ad5615ce21424665db36323a9e96ab4c88afc5c84c3e9f9ec8a2390a945663,277,277,0,5,285,0,False
579,193,193,dolma3,user,73f238faf301e9e466116aa79c8c04eb09f46eb41e1d5265c441b044c5a433b0,331,331,0,43,376,40,True
580,193,193,dolma3,assistant,73f238faf301e9e466116aa79c8c04eb09f46eb41e1d5265c441b044c5a433b0,331,331,0,48,381,40,True
581,193,193,dolma3,tool,73f238faf301e9e466116aa79c8c04eb09f46eb41e1d5265c441b044c5a433b0,331,331,0,45,380,40,True
582,194,194,dolma3,user,8ff028c81c34b11e2dc4f0ea58cd5f5f7a1162597240f97570bde11df6fe7247,264,264,0,3,269,0,True
583,194,194,dolma3,assistant,8ff028c81c34b11e2dc4f0ea58cd5f5f7a1162597240f97570bde11df6fe7247,264,264,0,7,273,0,True
584,194,194,dolma3,tool,8ff028c81c34b11e2dc4f0ea58cd5f5f7a1162597240f97570bde11df6fe7247,264,264,0,5,273,0,True
585,195,195,dolma3,user,377a20efdac3c7cad0417d8bb73e5c5ae2a5c016d959e6f2e2d1a0ebee28fd0f,131,131,0,56,189,53,True
586,195,195,dolma3,assistant,377a20efdac3c7cad0417d8bb73e5c5ae2a5c016d959e6f2e2d1a0ebee28fd0f,131,131,0,61,194,53,True
587,195,195,dolma3,tool,377a20efdac3c7cad0417d8bb73e5c5ae2a5c016d959e6f2e2d1a0ebee28fd0f,131,131,0,58,193,53,True
588,196,196,dolma3,user,1531cc612144f810be2f1a49fa4e85f013bf5b614d4bb4dbea9dbacbb6d9ca28,846,846,0,3,851,0,True
589,196,196,dolma3,assistant,1531cc612144f810be2f1a49fa4e85f013bf5b614d4bb4dbea9dbacbb6d9ca28,846,846,0,7,855,0,True
590,196,196,dolma3,tool,1531cc612144f810be2f1a49fa4e85f013bf5b614d4bb4dbea9dbacbb6d9ca28,846,846,0,5,855,0,True
591,197,197,dolma3,user,e205f7aaeb96b79a4870e0522bc5c77c3c489c8f2745b422465a6e2138891913,385,385,0,18,405,15,True
592,197,197,dolma3,assistant,e205f7aaeb96b79a4870e0522bc5c77c3c489c8f2745b422465a6e2138891913,385,385,0,23,410,15,True
593,197,197,dolma3,tool,e205f7aaeb96b79a4870e0522bc5c77c3c489c8f2745b422465a6e2138891913,385,385,0,20,409,15,True
594,198,198,dolma3,user,e5006f6b4f2276deae36c412b1745f62aa66b745fb672247e6cc4d212a09374a,1024,1024,0,106,1132,103,True
595,198,198,dolma3,assistant,e5006f6b4f2276deae36c412b1745f62aa66b745fb672247e6cc4d212a09374a,1024,1024,0,111,1137,103,True
596,198,198,dolma3,tool,e5006f6b4f2276deae36c412b1745f62aa66b745fb672247e6cc4d212a09374a,1024,1024,0,108,1136,103,True
597,199,199,dolma3,user,236e8101f20be8cad1b45ea8df9f25d0d71439b85049203ea523bd29df790359,645,645,0,3,650,0,False
598,199,199,dolma3,assistant,236e8101f20be8cad1b45ea8df9f25d0d71439b85049203ea523bd29df790359,645,645,0,7,654,0,False
599,199,199,dolma3,tool,236e8101f20be8cad1b45ea8df9f25d0d71439b85049203ea523bd29df790359,645,645,0,5,653,0,False
600,200,200,dolma3,user,0ef917b733398d42a6b206fa179fe3f9c7750309cb6ca453ce129b7f9e17c633,1024,1024,0,217,1243,214,False
601,200,200,dolma3,assistant,0ef917b733398d42a6b206fa179fe3f9c7750309cb6ca453ce129b7f9e17c633,1024,1024,0,222,1248,214,False
602,200,200,dolma3,tool,0ef917b733398d42a6b206fa179fe3f9c7750309cb6ca453ce129b7f9e17c633,1024,1024,0,219,1246,214,False
603,201,201,dolma3,user,44e833e9c5a9c663b90832a4f98d59f557e60d83bc528d7cdb57cd6054f5a7b1,237,237,0,5,244,2,False
604,201,201,dolma3,assistant,44e833e9c5a9c663b90832a4f98d59f557e60d83bc528d7cdb57cd6054f5a7b1,237,237,0,10,249,2,False
605,201,201,dolma3,tool,44e833e9c5a9c663b90832a4f98d59f557e60d83bc528d7cdb57cd6054f5a7b1,237,237,0,7,247,2,False
606,202,202,dolma3,user,85a39b6effa9e84e34f9e32699ba16b7b5ef4a63c66da2f274e39c89b5af35a0,1024,1024,0,46,1072,43,True
607,202,202,dolma3,assistant,85a39b6effa9e84e34f9e32699ba16b7b5ef4a63c66da2f274e39c89b5af35a0,1024,1024,0,51,1077,43,True
608,202,202,dolma3,tool,85a39b6effa9e84e34f9e32699ba16b7b5ef4a63c66da2f274e39c89b5af35a0,1024,1024,0,48,1076,43,True
609,203,203,dolma3,user,e38b62ddefa2674cefd41f23a2698fd4fa2cab32598a26f3b56c5bd300272984,1024,1024,0,54,1080,51,True
610,203,203,dolma3,assistant,e38b62ddefa2674cefd41f23a2698fd4fa2cab32598a26f3b56c5bd300272984,1024,1024,0,59,1085,51,True
611,203,203,dolma3,tool,e38b62ddefa2674cefd41f23a2698fd4fa2cab32598a26f3b56c5bd300272984,1024,1024,0,56,1084,51,True
612,204,204,dolma3,user,be2a72b30489c82cd433992d210cb590a2d3d2292c353e6d01cd9bfcc270d26f,496,496,0,175,673,172,False
613,204,204,dolma3,assistant,be2a72b30489c82cd433992d210cb590a2d3d2292c353e6d01cd9bfcc270d26f,496,496,0,180,678,172,False
614,204,204,dolma3,tool,be2a72b30489c82cd433992d210cb590a2d3d2292c353e6d01cd9bfcc270d26f,496,496,0,177,676,172,False
615,205,205,dolma3,user,3a08c1e542a4545ccf8ab789e4764e4b4daf9b15646025d4a4ff9495bd47fbe7,110,110,0,3,115,0,True
616,205,205,dolma3,assistant,3a08c1e542a4545ccf8ab789e4764e4b4daf9b15646025d4a4ff9495bd47fbe7,110,110,0,7,119,0,True
617,205,205,dolma3,tool,3a08c1e542a4545ccf8ab789e4764e4b4daf9b15646025d4a4ff9495bd47fbe7,110,110,0,5,119,0,True
618,206,206,dolma3,user,46fbbe9e49379d064aaa66074c31501ba0975d66bdd108a7576baa3060714b95,1024,1024,0,6,1032,3,True
619,206,206,dolma3,assistant,46fbbe9e49379d064aaa66074c31501ba0975d66bdd108a7576baa3060714b95,1024,1024,0,11,1037,3,True
620,206,206,dolma3,tool,46fbbe9e49379d064aaa66074c31501ba0975d66bdd108a7576baa3060714b95,1024,1024,0,8,1036,3,True
621,207,207,dolma3,user,3172fe5166e3482c01f4a0313a8f1e80eade59b80fbcbb022a48d2b4922ded96,531,531,0,22,555,19,False
622,207,207,dolma3,assistant,3172fe5166e3482c01f4a0313a8f1e80eade59b80fbcbb022a48d2b4922ded96,531,531,0,27,560,19,False
623,207,207,dolma3,tool,3172fe5166e3482c01f4a0313a8f1e80eade59b80fbcbb022a48d2b4922ded96,531,531,0,24,558,19,False
624,208,208,dolma3,user,b0ac542f5767f0088863b428ede5ea74eddacdbc8c4d2f52e079e3f43137a058,1024,1024,0,3,1029,0,True
625,208,208,dolma3,assistant,b0ac542f5767f0088863b428ede5ea74eddacdbc8c4d2f52e079e3f43137a058,1024,1024,0,7,1033,0,True
626,208,208,dolma3,tool,b0ac542f5767f0088863b428ede5ea74eddacdbc8c4d2f52e079e3f43137a058,1024,1024,0,5,1033,0,True
627,209,209,dolma3,user,a86d550e8ee98bfaa4c5712217f1658c8540b41d393b4cc23a1d1f16aa004eb6,378,378,0,5,385,2,False
628,209,209,dolma3,assistant,a86d550e8ee98bfaa4c5712217f1658c8540b41d393b4cc23a1d1f16aa004eb6,378,378,0,10,390,2,False
629,209,209,dolma3,tool,a86d550e8ee98bfaa4c5712217f1658c8540b41d393b4cc23a1d1f16aa004eb6,378,378,0,7,388,2,False
630,210,210,dolma3,user,698740b9916581a134555c13314b1f01eadebd16732e71016495e680492ab159,193,193,0,56,251,53,False
631,210,210,dolma3,assistant,698740b9916581a134555c13314b1f01eadebd16732e71016495e680492ab159,193,193,0,61,256,53,False
632,210,210,dolma3,tool,698740b9916581a134555c13314b1f01eadebd16732e71016495e680492ab159,193,193,0,58,254,53,False
633,211,211,dolma3,user,db0284245781aace5bfcbd4b591b47f9ea4e925a2bace6a37a22406fb28c9144,1024,1024,0,101,1127,98,True
634,211,211,dolma3,assistant,db0284245781aace5bfcbd4b591b47f9ea4e925a2bace6a37a22406fb28c9144,1024,1024,0,105,1131,98,True
635,211,211,dolma3,tool,db0284245781aace5bfcbd4b591b47f9ea4e925a2bace6a37a22406fb28c9144,1024,1024,0,103,1131,98,True
636,212,212,dolma3,user,abc05d3c8d5d801a93bd258b0ac5581508760dc0e49b1626cffc224ed38ff1a6,604,604,0,3,609,0,True
637,212,212,dolma3,assistant,abc05d3c8d5d801a93bd258b0ac5581508760dc0e49b1626cffc224ed38ff1a6,604,604,0,7,613,0,True
638,212,212,dolma3,tool,abc05d3c8d5d801a93bd258b0ac5581508760dc0e49b1626cffc224ed38ff1a6,604,604,0,5,613,0,True
639,213,213,dolma3,user,58d29accfc81aa2271dc8fb81b57f42db15c96679f203270a5a822014aab0310,203,203,0,12,217,9,False
640,213,213,dolma3,assistant,58d29accfc81aa2271dc8fb81b57f42db15c96679f203270a5a822014aab0310,203,203,0,17,222,9,False
641,213,213,dolma3,tool,58d29accfc81aa2271dc8fb81b57f42db15c96679f203270a5a822014aab0310,203,203,0,14,220,9,False
642,214,214,dolma3,user,10f589461f665c0f039139f6b77ff48f8f430f9b6bcd38b2313dfd157b976fa4,997,997,0,42,1041,39,True
643,214,214,dolma3,assistant,10f589461f665c0f039139f6b77ff48f8f430f9b6bcd38b2313dfd157b976fa4,997,997,0,46,1045,39,True
644,214,214,dolma3,tool,10f589461f665c0f039139f6b77ff48f8f430f9b6bcd38b2313dfd157b976fa4,997,997,0,44,1045,39,True
645,215,215,dolma3,user,c4405f5635f239880724648d737151cbbe9da291561502fd1974f6439a3a9905,1024,1024,0,81,1107,78,False
646,215,215,dolma3,assistant,c4405f5635f239880724648d737151cbbe9da291561502fd1974f6439a3a9905,1024,1024,0,86,1112,78,False
647,215,215,dolma3,tool,c4405f5635f239880724648d737151cbbe9da291561502fd1974f6439a3a9905,1024,1024,0,83,1110,78,False
648,216,216,dolma3,user,0a59f76b3ef70cdc69f62d56c86d0b4b37acd10c3e623836cc2944b43f126f5f,1024,1024,0,13,1039,10,True
649,216,216,dolma3,assistant,0a59f76b3ef70cdc69f62d56c86d0b4b37acd10c3e623836cc2944b43f126f5f,1024,1024,0,18,1044,10,True
650,216,216,dolma3,tool,0a59f76b3ef70cdc69f62d56c86d0b4b37acd10c3e623836cc2944b43f126f5f,1024,1024,0,15,1043,10,True
651,217,217,dolma3,user,585411564fa5b13a7ed1fc24b873d8cbeea96296eda5cefbd168174d5e366de4,251,251,0,31,284,28,True
652,217,217,dolma3,assistant,585411564fa5b13a7ed1fc24b873d8cbeea96296eda5cefbd168174d5e366de4,251,251,0,36,289,28,True
653,217,217,dolma3,tool,585411564fa5b13a7ed1fc24b873d8cbeea96296eda5cefbd168174d5e366de4,251,251,0,33,288,28,True
654,218,218,dolma3,user,0a417710ca97f89c48e29b7ffb197f8a4ed6eccaaaa6b4e4a59aee69e35fb1e2,1024,1024,0,23,1049,20,True
655,218,218,dolma3,assistant,0a417710ca97f89c48e29b7ffb197f8a4ed6eccaaaa6b4e4a59aee69e35fb1e2,1024,1024,0,28,1054,20,True
656,218,218,dolma3,tool,0a417710ca97f89c48e29b7ffb197f8a4ed6eccaaaa6b4e4a59aee69e35fb1e2,1024,1024,0,25,1053,20,True
657,219,219,dolma3,user,0164708029098daf8bd1416733d5bdfbf34180e872637a3adc196b0519597efa,128,128,0,18,148,15,True
658,219,219,dolma3,assistant,0164708029098daf8bd1416733d5bdfbf34180e872637a3adc196b0519597efa,128,128,0,23,153,15,True
659,219,219,dolma3,tool,0164708029098daf8bd1416733d5bdfbf34180e872637a3adc196b0519597efa,128,128,0,20,152,15,True
660,220,220,dolma3,user,c758249d2c293011e0a0d9a97e1118276e457b1ec5b6099cd2695612ab887196,1024,1024,0,11,1037,8,True
661,220,220,dolma3,assistant,c758249d2c293011e0a0d9a97e1118276e457b1ec5b6099cd2695612ab887196,1024,1024,0,15,1041,8,True
662,220,220,dolma3,tool,c758249d2c293011e0a0d9a97e1118276e457b1ec5b6099cd2695612ab887196,1024,1024,0,13,1041,8,True
663,221,221,dolma3,user,3515399feaf232743f2d3c0c4f155546446282d79369dfba4d5f4ceb943222d5,1024,1024,0,6,1032,3,False
664,221,221,dolma3,assistant,3515399feaf232743f2d3c0c4f155546446282d79369dfba4d5f4ceb943222d5,1024,1024,0,11,1037,3,False
665,221,221,dolma3,tool,3515399feaf232743f2d3c0c4f155546446282d79369dfba4d5f4ceb943222d5,1024,1024,0,8,1035,3,False
666,222,222,dolma3,user,62edad41d0d4f4318fb3f55cdf289bd835d7b84611ada05039935bcd416b4419,1024,1024,0,69,1095,67,False
667,222,222,dolma3,assistant,62edad41d0d4f4318fb3f55cdf289bd835d7b84611ada05039935bcd416b4419,1024,1024,0,74,1100,67,False
668,222,222,dolma3,tool,62edad41d0d4f4318fb3f55cdf289bd835d7b84611ada05039935bcd416b4419,1024,1024,0,71,1099,67,False
669,223,223,dolma3,user,3594f73a0b21a2dd3e08159e534960b242b6dbe1369d23416ceefee494b66875,743,743,0,85,830,83,False
670,223,223,dolma3,assistant,3594f73a0b21a2dd3e08159e534960b242b6dbe1369d23416ceefee494b66875,743,743,0,90,835,83,False
671,223,223,dolma3,tool,3594f73a0b21a2dd3e08159e534960b242b6dbe1369d23416ceefee494b66875,743,743,0,87,834,83,False
672,224,224,dolma3,user,d07c0f16f49026a85df8866334d4f92aa43b204bb1c0afceb8b2a275a571eaf8,1024,1024,0,25,1051,22,True
673,224,224,dolma3,assistant,d07c0f16f49026a85df8866334d4f92aa43b204bb1c0afceb8b2a275a571eaf8,1024,1024,0,30,1056,22,True
674,224,224,dolma3,tool,d07c0f16f49026a85df8866334d4f92aa43b204bb1c0afceb8b2a275a571eaf8,1024,1024,0,27,1055,22,True
675,225,225,dolma3,user,7f2e84b9f52047a257c47b4698e1339a1c849ed84caebc1abede447bdc8dce3b,270,270,0,17,289,14,True
676,225,225,dolma3,assistant,7f2e84b9f52047a257c47b4698e1339a1c849ed84caebc1abede447bdc8dce3b,270,270,0,22,294,14,True
677,225,225,dolma3,tool,7f2e84b9f52047a257c47b4698e1339a1c849ed84caebc1abede447bdc8dce3b,270,270,0,19,293,14,True
678,226,226,dolma3,user,21d0b19c5dc733da870a7be93ff74199c60a6b77e17ebedd02c37bdde0d24042,670,670,0,3,675,0,True
679,226,226,dolma3,assistant,21d0b19c5dc733da870a7be93ff74199c60a6b77e17ebedd02c37bdde0d24042,670,670,0,7,679,0,True
680,226,226,dolma3,tool,21d0b19c5dc733da870a7be93ff74199c60a6b77e17ebedd02c37bdde0d24042,670,670,0,5,679,0,True
681,227,227,dolma3,user,36e45a614eeefbe84daf74535aa3481603119de50dfc9cd22640957003c630a1,185,185,0,12,199,9,False
682,227,227,dolma3,assistant,36e45a614eeefbe84daf74535aa3481603119de50dfc9cd22640957003c630a1,185,185,0,17,204,9,False
683,227,227,dolma3,tool,36e45a614eeefbe84daf74535aa3481603119de50dfc9cd22640957003c630a1,185,185,0,14,202,9,False
684,228,228,dolma3,user,72590fc93d2cb2f598de9d83260df5d8f6ca54e218fc928f53a898e09306d5a0,255,255,0,34,291,31,False
685,228,228,dolma3,assistant,72590fc93d2cb2f598de9d83260df5d8f6ca54e218fc928f53a898e09306d5a0,255,255,0,39,296,31,False
686,228,228,dolma3,tool,72590fc93d2cb2f598de9d83260df5d8f6ca54e218fc928f53a898e09306d5a0,255,255,0,36,294,31,False
687,229,229,dolma3,user,67caf46dbb672f00c8dfaaec4cf6c8bfead214000872ff94a4b07bf156f930df,899,899,0,3,904,0,True
688,229,229,dolma3,assistant,67caf46dbb672f00c8dfaaec4cf6c8bfead214000872ff94a4b07bf156f930df,899,899,0,7,908,0,True
689,229,229,dolma3,tool,67caf46dbb672f00c8dfaaec4cf6c8bfead214000872ff94a4b07bf156f930df,899,899,0,5,908,0,True
690,230,230,dolma3,user,6f52d96050eb2bd34600fbdbc0df943b61bb9134d652e64c8e37a9def8321408,1024,1024,0,16,1042,13,True
691,230,230,dolma3,assistant,6f52d96050eb2bd34600fbdbc0df943b61bb9134d652e64c8e37a9def8321408,1024,1024,0,21,1047,13,True
692,230,230,dolma3,tool,6f52d96050eb2bd34600fbdbc0df943b61bb9134d652e64c8e37a9def8321408,1024,1024,0,18,1046,13,True
693,231,231,dolma3,user,5effdad9f632a72de139e78c28db6da2fc926f24af9039254f74cce85bbfe888,548,548,0,2,552,0,False
694,231,231,dolma3,assistant,5effdad9f632a72de139e78c28db6da2fc926f24af9039254f74cce85bbfe888,548,548,0,6,556,0,False
695,231,231,dolma3,tool,5effdad9f632a72de139e78c28db6da2fc926f24af9039254f74cce85bbfe888,548,548,0,4,555,0,False
696,232,232,dolma3,user,4433e6964b3e8e948dc86907bb814e6c6491fec95e805405d65b5eb427764946,1024,1024,0,9,1035,6,True
697,232,232,dolma3,assistant,4433e6964b3e8e948dc86907bb814e6c6491fec95e805405d65b5eb427764946,1024,1024,0,14,1040,6,True
698,232,232,dolma3,tool,4433e6964b3e8e948dc86907bb814e6c6491fec95e805405d65b5eb427764946,1024,1024,0,11,1039,6,True
699,233,233,dolma3,user,d3f5b49d990340f81c8cfacb2074ed46f0d43485bc298d2c994452b1a87874c0,426,426,0,10,438,7,True
700,233,233,dolma3,assistant,d3f5b49d990340f81c8cfacb2074ed46f0d43485bc298d2c994452b1a87874c0,426,426,0,15,443,7,True
701,233,233,dolma3,tool,d3f5b49d990340f81c8cfacb2074ed46f0d43485bc298d2c994452b1a87874c0,426,426,0,12,442,7,True
702,234,234,dolma3,user,4c5eb64279fde2003a427dabc29781853aefde1fba5175457f1a0e2657ba4c75,436,436,0,3,441,0,False
703,234,234,dolma3,assistant,4c5eb64279fde2003a427dabc29781853aefde1fba5175457f1a0e2657ba4c75,436,436,0,7,445,0,False
704,234,234,dolma3,tool,4c5eb64279fde2003a427dabc29781853aefde1fba5175457f1a0e2657ba4c75,436,436,0,5,444,0,False
705,235,235,dolma3,user,b1d8dda048ea8184d2a851fc14ed74d4a1d271a7a82a0b7414c4312a36727413,1024,1024,0,3,1029,0,True
706,235,235,dolma3,assistant,b1d8dda048ea8184d2a851fc14ed74d4a1d271a7a82a0b7414c4312a36727413,1024,1024,0,7,1033,0,True
707,235,235,dolma3,tool,b1d8dda048ea8184d2a851fc14ed74d4a1d271a7a82a0b7414c4312a36727413,1024,1024,0,5,1033,0,True
708,236,236,dolma3,user,60a12b7af099703e8d03d79a6bbc0049506ebc4a0a7ef0ce1ccb8fa7de8018fd,1024,1024,0,5,1031,2,True
709,236,236,dolma3,assistant,60a12b7af099703e8d03d79a6bbc0049506ebc4a0a7ef0ce1ccb8fa7de8018fd,1024,1024,0,10,1036,2,True
710,236,236,dolma3,tool,60a12b7af099703e8d03d79a6bbc0049506ebc4a0a7ef0ce1ccb8fa7de8018fd,1024,1024,0,7,1035,2,True
711,237,237,dolma3,user,09297c6c95ec06b777fd3869e642d45682fc007804846be5796f9feea5277a93,315,315,0,73,390,71,False
712,237,237,dolma3,assistant,09297c6c95ec06b777fd3869e642d45682fc007804846be5796f9feea5277a93,315,315,0,78,395,71,False
713,237,237,dolma3,tool,09297c6c95ec06b777fd3869e642d45682fc007804846be5796f9feea5277a93,315,315,0,75,394,71,False
714,238,238,dolma3,user,e57034ff38070b78b1f9ef9e8057ed0fb30e73cbf6de7cb25ea1485f2ee52831,1024,1024,0,146,1172,143,True
715,238,238,dolma3,assistant,e57034ff38070b78b1f9ef9e8057ed0fb30e73cbf6de7cb25ea1485f2ee52831,1024,1024,0,151,1177,143,True
716,238,238,dolma3,tool,e57034ff38070b78b1f9ef9e8057ed0fb30e73cbf6de7cb25ea1485f2ee52831,1024,1024,0,148,1176,143,True
717,239,239,dolma3,user,b63025eec5ef6d9feba02a10e8447f2f69343e2c4bfaab3acf8b1fbbf42832bf,304,304,0,103,409,101,False
718,239,239,dolma3,assistant,b63025eec5ef6d9feba02a10e8447f2f69343e2c4bfaab3acf8b1fbbf42832bf,304,304,0,108,414,101,False
719,239,239,dolma3,tool,b63025eec5ef6d9feba02a10e8447f2f69343e2c4bfaab3acf8b1fbbf42832bf,304,304,0,105,412,101,False
720,240,240,dolma3,user,bea5345e21f7464d674d4c5fe93bd61b2279e4c0d99b395c20ac648a04d7a6fc,1024,1024,0,91,1117,88,True
721,240,240,dolma3,assistant,bea5345e21f7464d674d4c5fe93bd61b2279e4c0d99b395c20ac648a04d7a6fc,1024,1024,0,96,1122,88,True
722,240,240,dolma3,tool,bea5345e21f7464d674d4c5fe93bd61b2279e4c0d99b395c20ac648a04d7a6fc,1024,1024,0,93,1121,88,True
723,241,241,dolma3,user,389ba10b6a1411ebb95c554008872aa056613b61d0a189222e24fa7d54c7bbec,1024,1024,0,210,1236,207,True
724,241,241,dolma3,assistant,389ba10b6a1411ebb95c554008872aa056613b61d0a189222e24fa7d54c7bbec,1024,1024,0,215,1241,207,True
725,241,241,dolma3,tool,389ba10b6a1411ebb95c554008872aa056613b61d0a189222e24fa7d54c7bbec,1024,1024,0,212,1240,207,True
726,242,242,dolma3,user,4d918c45058281d370336cfddbf92a2d08d65530b0f93a50cc01e47ef95b1981,1024,1024,0,12,1038,9,False
727,242,242,dolma3,assistant,4d918c45058281d370336cfddbf92a2d08d65530b0f93a50cc01e47ef95b1981,1024,1024,0,17,1043,9,False
728,242,242,dolma3,tool,4d918c45058281d370336cfddbf92a2d08d65530b0f93a50cc01e47ef95b1981,1024,1024,0,14,1041,9,False
729,243,243,dolma3,user,c91cfec9aaa09b9eb0161a35e3bd96fbcd822281d27d3c448d4436ec66d08baa,248,248,0,2,252,0,False
730,243,243,dolma3,assistant,c91cfec9aaa09b9eb0161a35e3bd96fbcd822281d27d3c448d4436ec66d08baa,248,248,0,6,256,0,False
731,243,243,dolma3,tool,c91cfec9aaa09b9eb0161a35e3bd96fbcd822281d27d3c448d4436ec66d08baa,248,248,0,4,256,0,False
732,244,244,dolma3,user,a042b5a873e26c213cc2bafdf339e507c8d8c3ab8b1a3a64a57601b4251109cd,265,265,0,33,300,30,True
733,244,244,dolma3,assistant,a042b5a873e26c213cc2bafdf339e507c8d8c3ab8b1a3a64a57601b4251109cd,265,265,0,38,305,30,True
734,244,244,dolma3,tool,a042b5a873e26c213cc2bafdf339e507c8d8c3ab8b1a3a64a57601b4251109cd,265,265,0,35,304,30,True
735,245,245,dolma3,user,1c83da3f90657a2244ef7c3533077ad5f8df6b2f2030be74adf09bc7d0bfc400,226,226,0,6,234,3,True
736,245,245,dolma3,assistant,1c83da3f90657a2244ef7c3533077ad5f8df6b2f2030be74adf09bc7d0bfc400,226,226,0,11,239,3,True
737,245,245,dolma3,tool,1c83da3f90657a2244ef7c3533077ad5f8df6b2f2030be74adf09bc7d0bfc400,226,226,0,8,238,3,True
738,246,246,dolma3,user,c0987c62c6fbeaf6a7664215b37f5242f918cd5c5e42d565de04ea9fb00d1205,844,844,0,46,892,43,False
739,246,246,dolma3,assistant,c0987c62c6fbeaf6a7664215b37f5242f918cd5c5e42d565de04ea9fb00d1205,844,844,0,50,896,43,False
740,246,246,dolma3,tool,c0987c62c6fbeaf6a7664215b37f5242f918cd5c5e42d565de04ea9fb00d1205,844,844,0,48,895,43,False
741,247,247,dolma3,user,5aa12257471a9fa2bf87aed1e31d43a03f19985fae934d8999ea0b47ba571c8c,773,773,0,146,921,143,False
742,247,247,dolma3,assistant,5aa12257471a9fa2bf87aed1e31d43a03f19985fae934d8999ea0b47ba571c8c,773,773,0,151,926,143,False
743,247,247,dolma3,tool,5aa12257471a9fa2bf87aed1e31d43a03f19985fae934d8999ea0b47ba571c8c,773,773,0,148,924,143,False
744,248,248,dolma3,user,7d3c94f9d3f8e07f4173fe9eefa6bc44302d3531fde88c28fe352f27de52323b,167,167,0,8,177,5,True
745,248,248,dolma3,assistant,7d3c94f9d3f8e07f4173fe9eefa6bc44302d3531fde88c28fe352f27de52323b,167,167,0,13,182,5,True
746,248,248,dolma3,tool,7d3c94f9d3f8e07f4173fe9eefa6bc44302d3531fde88c28fe352f27de52323b,167,167,0,10,181,5,True
747,249,249,dolma3,user,73075db9d0d5a6b469e6e37a5d3ca1c5c822b5c70131efff2dfb4d5a58ab20a1,798,798,0,26,826,23,True
748,249,249,dolma3,assistant,73075db9d0d5a6b469e6e37a5d3ca1c5c822b5c70131efff2dfb4d5a58ab20a1,798,798,0,31,831,23,True
749,249,249,dolma3,tool,73075db9d0d5a6b469e6e37a5d3ca1c5c822b5c70131efff2dfb4d5a58ab20a1,798,798,0,28,830,23,True
